Run	BioProject	BioSample	Experiment	Instrument	Library Name	Sample Name	SRA Study	Tissue
SRR7890898	PRJNA489865	SAMN10102578	SRX4728470	Illumina HiSeq 4000	SPP_GT_1-9_3	SPP_GT_1-9_mix	SRP162370	DNA mix
SRR7890901	PRJNA489865	SAMN10102576	SRX4728467	Illumina HiSeq 4000	SPP_GT_1-19_2	SPP_GT_1-19_mix	SRP162370	DNA mix
SRR7890903	PRJNA489865	SAMN10102577	SRX4728465	Illumina HiSeq 4000	SPP_GT_1-4_1	SPP_GT_1-4_mix	SRP162370	DNA mix
SRR7890864	PRJNA489865	SAMN10102579	SRX4728504	Illumina HiSeq 4000	SPP_GT_3-1_3	SPP_GT_3-1_mix	SRP162370	DNA mix
SRR7890894	PRJNA489865	SAMN10102579	SRX4728474	Illumina HiSeq 4000	SPP_GT_3-1_2	SPP_GT_3-1_mix	SRP162370	DNA mix
SRR7890895	PRJNA489865	SAMN10102579	SRX4728473	Illumina HiSeq 4000	SPP_GT_3-1_1	SPP_GT_3-1_mix	SRP162370	DNA mix
SRR7890897	PRJNA489865	SAMN10102577	SRX4728471	Illumina HiSeq 4000	SPP_GT_1-4_3	SPP_GT_1-4_mix	SRP162370	DNA mix
SRR7890902	PRJNA489865	SAMN10102577	SRX4728466	Illumina HiSeq 4000	SPP_GT_1-4_2	SPP_GT_1-4_mix	SRP162370	DNA mix
SRR7890936	PRJNA489865	SAMN10102575	SRX4728432	Illumina HiSeq 4000	SPP_GT_1-1_1	SPP_GT_1-1_mix	SRP162370	DNA mix
SRR7890956	PRJNA489865	SAMN10102575	SRX4728412	Illumina HiSeq 4000	SPP_GT_1-1_3	SPP_GT_1-1_mix	SRP162370	DNA mix
SRR7947146	PRJNA489865	SAMN10102577	SRX4728465	Illumina HiSeq 4000	SPP_GT_1-4_1	SPP_GT_1-4_mix	SRP162370	DNA mix
SRR7947147	PRJNA489865	SAMN10102577	SRX4728465	Illumina HiSeq 4000	SPP_GT_1-4_1	SPP_GT_1-4_mix	SRP162370	DNA mix
SRR7947148	PRJNA489865	SAMN10102577	SRX4728465	Illumina HiSeq 4000	SPP_GT_1-4_1	SPP_GT_1-4_mix	SRP162370	DNA mix
SRR7947149	PRJNA489865	SAMN10102577	SRX4728471	Illumina HiSeq 4000	SPP_GT_1-4_3	SPP_GT_1-4_mix	SRP162370	DNA mix
SRR7947150	PRJNA489865	SAMN10102577	SRX4728471	Illumina HiSeq 4000	SPP_GT_1-4_3	SPP_GT_1-4_mix	SRP162370	DNA mix
SRR7947151	PRJNA489865	SAMN10102577	SRX4728471	Illumina HiSeq 4000	SPP_GT_1-4_3	SPP_GT_1-4_mix	SRP162370	DNA mix
SRR7947153	PRJNA489865	SAMN10102578	SRX4728472	Illumina HiSeq 4000	SPP_GT_1-9_1	SPP_GT_1-9_mix	SRP162370	DNA mix
SRR7947154	PRJNA489865	SAMN10102578	SRX4728472	Illumina HiSeq 4000	SPP_GT_1-9_1	SPP_GT_1-9_mix	SRP162370	DNA mix
SRR7947188	PRJNA489865	SAMN10102577	SRX4728465	Illumina HiSeq 4000	SPP_GT_1-4_1	SPP_GT_1-4_mix	SRP162370	DNA mix
SRR7947189	PRJNA489865	SAMN10102577	SRX4728465	Illumina HiSeq 4000	SPP_GT_1-4_1	SPP_GT_1-4_mix	SRP162370	DNA mix
SRR7947190	PRJNA489865	SAMN10102577	SRX4728465	Illumina HiSeq 4000	SPP_GT_1-4_1	SPP_GT_1-4_mix	SRP162370	DNA mix
SRR7947191	PRJNA489865	SAMN10102578	SRX4728470	Illumina HiSeq 4000	SPP_GT_1-9_3	SPP_GT_1-9_mix	SRP162370	DNA mix
SRR7947192	PRJNA489865	SAMN10102578	SRX4728470	Illumina HiSeq 4000	SPP_GT_1-9_3	SPP_GT_1-9_mix	SRP162370	DNA mix
SRR7947193	PRJNA489865	SAMN10102578	SRX4728470	Illumina HiSeq 4000	SPP_GT_1-9_3	SPP_GT_1-9_mix	SRP162370	DNA mix
SRR7955942	PRJNA489865	SAMN10102579	SRX4728474	Illumina HiSeq 4000	SPP_GT_3-1_2	SPP_GT_3-1_mix	SRP162370	DNA mix
SRR7955943	PRJNA489865	SAMN10102579	SRX4728474	Illumina HiSeq 4000	SPP_GT_3-1_2	SPP_GT_3-1_mix	SRP162370	DNA mix
SRR7955944	PRJNA489865	SAMN10102579	SRX4728474	Illumina HiSeq 4000	SPP_GT_3-1_2	SPP_GT_3-1_mix	SRP162370	DNA mix
SRR7961192	PRJNA489865	SAMN10102579	SRX4728504	Illumina HiSeq 4000	SPP_GT_3-1_3	SPP_GT_3-1_mix	SRP162370	DNA mix
SRR7963261	PRJNA489865	SAMN10102575	SRX4728411	Illumina HiSeq 4000	SPP_GT_1-1_2	SPP_GT_1-1_mix	SRP162370	DNA mix
SRR7963262	PRJNA489865	SAMN10102575	SRX4728411	Illumina HiSeq 4000	SPP_GT_1-1_2	SPP_GT_1-1_mix	SRP162370	DNA mix
SRR7963263	PRJNA489865	SAMN10102575	SRX4728412	Illumina HiSeq 4000	SPP_GT_1-1_3	SPP_GT_1-1_mix	SRP162370	DNA mix
SRR7963264	PRJNA489865	SAMN10102575	SRX4728412	Illumina HiSeq 4000	SPP_GT_1-1_3	SPP_GT_1-1_mix	SRP162370	DNA mix
SRR7963265	PRJNA489865	SAMN10102575	SRX4728412	Illumina HiSeq 4000	SPP_GT_1-1_3	SPP_GT_1-1_mix	SRP162370	DNA mix
SRR7961193	PRJNA489865	SAMN10102579	SRX4728504	Illumina HiSeq 4000	SPP_GT_3-1_3	SPP_GT_3-1_mix	SRP162370	DNA mix
SRR7961194	PRJNA489865	SAMN10102579	SRX4728504	Illumina HiSeq 4000	SPP_GT_3-1_3	SPP_GT_3-1_mix	SRP162370	DNA mix
SRR7890835	PRJNA489865	SAMN10102585	SRX4728533	Illumina HiSeq 4000	FFG_GZ_T_2h-B	ATCC-1395-BrCA-R-2	SRP162370	FFPE
SRR7890837	PRJNA489865	SAMN10102587	SRX4728531	Illumina HiSeq 4000	FFG_GZ_T_24h-F	ATCC-1395-BrCA-R-24	SRP162370	FFPE
SRR7890839	PRJNA489865	SAMN10102584	SRX4728529	Illumina HiSeq 4000	FFG_GZ_T_1h-E	ATCC-1395-BrCA-R-1	SRP162370	FFPE
SRR7890841	PRJNA489865	SAMN10102584	SRX4728527	Illumina HiSeq 4000	FFG_GZ_T_1h-A	ATCC-1395-BrCA-R-1	SRP162370	FFPE
SRR7890868	PRJNA489865	SAMN10102583	SRX4728500	Illumina HiSeq 4000	FFG_GZ_N_24h-C	ATCC-1395-BL-R-24	SRP162370	FFPE
SRR7890877	PRJNA489865	SAMN10102573	SRX4728491	Illumina HiSeq 4000	WES_FD_T_3	HCC1395	SRP162370	breast carcinoma
SRR7890906	PRJNA489865	SAMN10102573	SRX4728462	Illumina NovaSeq 6000	WGS_NS_T_9	HCC1395	SRP162370	breast carcinoma
SRR7890908	PRJNA489865	SAMN10102573	SRX4728460	Illumina NovaSeq 6000	WGS_NS_T_3	HCC1395	SRP162370	breast carcinoma
SRR7890910	PRJNA489865	SAMN10102573	SRX4728458	Illumina NovaSeq 6000	WGS_NS_T_5	HCC1395	SRP162370	breast carcinoma
SRR7890911	PRJNA489865	SAMN10102573	SRX4728457	Illumina NovaSeq 6000	WGS_NS_T_4	HCC1395	SRP162370	breast carcinoma
SRR7890917	PRJNA489865	SAMN10102573	SRX4728451	Illumina HiSeq 4000	WGS_NV_T_3	HCC1395	SRP162370	breast carcinoma
SRR7890918	PRJNA489865	SAMN10102573	SRX4728450	Illumina HiSeq 1500	WES_EA_T_1	HCC1395	SRP162370	breast carcinoma
SRR7890938	PRJNA489865	SAMN10102573	SRX4728430	Illumina HiSeq 4000	LBP_HS_T_1ng_1	HCC1395	SRP162370	breast carcinoma
SRR7890941	PRJNA489865	SAMN10102573	SRX4728427	Illumina HiSeq 4000	SPP_GT_1-0_1	HCC1395	SRP162370	breast carcinoma
SRR7890949	PRJNA489865	SAMN10102586	SRX4728419	Illumina HiSeq 4000	FFX_GZ_T_6h_3	ATCC-1395-BrCA-R-6	SRP162370	FFPE
SRR7890953	PRJNA489865	SAMN10102582	SRX4728415	Illumina HiSeq 4000	FFX_IL_N_6h_2	ATCC-1395-BL-R-6	SRP162370	FFPE
SRR7890962	PRJNA489865	SAMN10102586	SRX4728406	Illumina HiSeq 4000	FFG_IL_T_6h	ATCC-1395-BrCA-R-6	SRP162370	FFPE
SRR7890966	PRJNA489865	SAMN10102583	SRX4728402	Illumina HiSeq 4000	FFX_GZ_N_24h_1	ATCC-1395-BL-R-24	SRP162370	FFPE
SRR7890844	PRJNA489865	SAMN10102573	SRX4728524	Illumina HiSeq 2500	WES_NC_T_1	HCC1395	SRP162370	breast carcinoma
SRR7890850	PRJNA489865	SAMN10102573	SRX4728518	Illumina HiSeq 4000	WES_LL_T_1	HCC1395	SRP162370	breast carcinoma
SRR7890860	PRJNA489865	SAMN10102573	SRX4728508	Illumina HiSeq 4000	WGS_LL_T_1	HCC1395	SRP162370	breast carcinoma
SRR7890866	PRJNA489865	SAMN10102580	SRX4728502	Illumina HiSeq 4000	FFG_GZ_N_1h-F	ATCC-1395-BL-R-1	SRP162370	FFPE
SRR7890867	PRJNA489865	SAMN10102583	SRX4728501	Illumina HiSeq 4000	FFG_GZ_N_24h-B	ATCC-1395-BL-R-24	SRP162370	FFPE
SRR7890869	PRJNA489865	SAMN10102583	SRX4728499	Illumina HiSeq 4000	FFG_GZ_N_24h-F	ATCC-1395-BL-R-24	SRP162370	FFPE
SRR7890870	PRJNA489865	SAMN10102581	SRX4728498	Illumina HiSeq 4000	FFG_GZ_N_2h-A	ATCC-1395-BL-R-2	SRP162370	FFPE
SRR7890872	PRJNA489865	SAMN10102582	SRX4728496	Illumina HiSeq 4000	FFG_GZ_N_6h-A	ATCC-1395-BL-R-6	SRP162370	FFPE
SRR7890887	PRJNA489865	SAMN10102573	SRX4728481	Illumina HiSeq 4000	SPP_GT_1-0_2	HCC1395	SRP162370	breast carcinoma
SRR7890905	PRJNA489865	SAMN10102573	SRX4728463	Illumina NovaSeq 6000	WGS_NS_T_6	HCC1395	SRP162370	breast carcinoma
SRR7890907	PRJNA489865	SAMN10102573	SRX4728461	Illumina NovaSeq 6000	WGS_NS_T_8	HCC1395	SRP162370	breast carcinoma
SRR7890909	PRJNA489865	SAMN10102573	SRX4728459	Illumina NovaSeq 6000	WGS_NS_T_2	HCC1395	SRP162370	breast carcinoma
SRR7890927	PRJNA489865	SAMN10102573	SRX4728441	Illumina HiSeq 4000	LBP_LL_T_100ng	HCC1395	SRP162370	breast carcinoma
SRR7890947	PRJNA489865	SAMN10102587	SRX4728421	Illumina HiSeq 4000	FFX_GZ_T_24h_1	ATCC-1395-BrCA-R-24	SRP162370	FFPE
SRR7890958	PRJNA489865	SAMN10102582	SRX4728410	Illumina HiSeq 4000	FFG_IL_N_6h	ATCC-1395-BL-R-6	SRP162370	FFPE
SRR7890961	PRJNA489865	SAMN10102581	SRX4728407	Illumina HiSeq 4000	FFG_IL_N_2h	ATCC-1395-BL-R-2	SRP162370	FFPE
SRR7890963	PRJNA489865	SAMN10102580	SRX4728405	Illumina HiSeq 4000	FFX_GZ_N_1h_1	ATCC-1395-BL-R-1	SRP162370	FFPE
SRR7890967	PRJNA489865	SAMN10102581	SRX4728401	Illumina HiSeq 4000	FFX_GZ_N_2h_3	ATCC-1395-BL-R-2	SRP162370	FFPE
SRR7910028	PRJNA489865	SAMN10102573	SRX4728451	Illumina HiSeq 4000	WGS_NV_T_3	HCC1395	SRP162370	breast carcinoma
SRR7910029	PRJNA489865	SAMN10102573	SRX4728451	Illumina HiSeq 4000	WGS_NV_T_3	HCC1395	SRP162370	breast carcinoma
SRR7910030	PRJNA489865	SAMN10102573	SRX4728451	Illumina HiSeq 4000	WGS_NV_T_3	HCC1395	SRP162370	breast carcinoma
SRR7910031	PRJNA489865	SAMN10102573	SRX4728453	Illumina HiSeq 4000	WGS_NV_T_1	HCC1395	SRP162370	breast carcinoma
SRR7910032	PRJNA489865	SAMN10102573	SRX4728453	Illumina HiSeq 4000	WGS_NV_T_1	HCC1395	SRP162370	breast carcinoma
SRR7910033	PRJNA489865	SAMN10102573	SRX4728453	Illumina HiSeq 4000	WGS_NV_T_1	HCC1395	SRP162370	breast carcinoma
SRR7910034	PRJNA489865	SAMN10102573	SRX4728464	Illumina NovaSeq 6000	WGS_NS_T_7	HCC1395	SRP162370	breast carcinoma
SRR7910043	PRJNA489865	SAMN10102573	SRX4728505	Illumina HiSeq 4000	WGS_IL_T_2	HCC1395	SRP162370	breast carcinoma
SRR7910044	PRJNA489865	SAMN10102573	SRX4728505	Illumina HiSeq 4000	WGS_IL_T_2	HCC1395	SRP162370	breast carcinoma
SRR7910045	PRJNA489865	SAMN10102573	SRX4728505	Illumina HiSeq 4000	WGS_IL_T_2	HCC1395	SRP162370	breast carcinoma
SRR7910046	PRJNA489865	SAMN10102573	SRX4728506	Illumina HiSeq 4000	WGS_IL_T_3	HCC1395	SRP162370	breast carcinoma
SRR7910047	PRJNA489865	SAMN10102573	SRX4728506	Illumina HiSeq 4000	WGS_IL_T_3	HCC1395	SRP162370	breast carcinoma
SRR7910048	PRJNA489865	SAMN10102573	SRX4728506	Illumina HiSeq 4000	WGS_IL_T_3	HCC1395	SRP162370	breast carcinoma
SRR7945587	PRJNA489865	SAMN10102573	SRX4728457	Illumina NovaSeq 6000	WGS_NS_T_4	HCC1395	SRP162370	breast carcinoma
SRR7963242	PRJNA489865	SAMN10102573	SRX4728427	Illumina HiSeq 4000	SPP_GT_1-0_1	HCC1395	SRP162370	breast carcinoma
SRR7963243	PRJNA489865	SAMN10102573	SRX4728427	Illumina HiSeq 4000	SPP_GT_1-0_1	HCC1395	SRP162370	breast carcinoma
SRR7963244	PRJNA489865	SAMN10102573	SRX4728427	Illumina HiSeq 4000	SPP_GT_1-0_1	HCC1395	SRP162370	breast carcinoma
SRR8955951	PRJNA489865	SAMN10102573	SRX5735704	Illumina HiSeq 3000	CHR_NC_T_1	HCC1395	SRP162370	breast carcinoma
SRR8955953	PRJNA489865	SAMN10102573	SRX5735702	Sequel	PBO_WC_T_1	HCC1395	SRP162370	breast carcinoma
SRR8955957	PRJNA489865	SAMN10102573	SRX5735698	NextSeq 500	AMS_AB_T_2	HCC1395	SRP162370	breast carcinoma
SRR8955963	PRJNA489865	SAMN10102573	SRX5735692	HiSeq X Ten	CHR_FD_T_1	HCC1395	SRP162370	breast carcinoma
SRR8955967	PRJNA489865	SAMN10102573	SRX5735687	HiSeq X Ten	CHR_FD_T_3	HCC1395	SRP162370	breast carcinoma
SRR8955968	PRJNA489865	SAMN10102573	SRX5735694	HiSeq X Ten	CHR_EA_T_1	HCC1395	SRP162370	breast carcinoma
SRR8955972	PRJNA489865	SAMN10102573	SRX5735683	Illumina HiSeq 4000	CHR_NV_T_1	HCC1395	SRP162370	breast carcinoma
SRR8955974	PRJNA489865	SAMN10102573	SRX5735681	Illumina HiSeq 4000	CHR_NV_T_2	HCC1395	SRP162370	breast carcinoma
SRR8955976	PRJNA489865	SAMN10102573	SRX5735679	Illumina HiSeq 4000	CHR_IL_T_2	HCC1395	SRP162370	breast carcinoma
SRR8955978	PRJNA489865	SAMN10102573	SRX5735677	Illumina HiSeq 4000	CHR_IL_T_3	HCC1395	SRP162370	breast carcinoma
SRR8955980	PRJNA489865	SAMN10102573	SRX5735675	Illumina HiSeq 4000	CHR_NV_T_3	HCC1395	SRP162370	breast carcinoma
SRR8955982	PRJNA489865	SAMN10102573	SRX5735673	Ion S5	INT_EA_T_1	HCC1395	SRP162370	breast carcinoma
SRR7890824	PRJNA489865	SAMN10102573	SRX4728544	HiSeq X Ten	WGS_FD_T_2	HCC1395	SRP162370	breast carcinoma
SRR7890863	PRJNA489865	SAMN10102573	SRX4728505	Illumina HiSeq 4000	WGS_IL_T_2	HCC1395	SRP162370	breast carcinoma
SRR7890865	PRJNA489865	SAMN10102580	SRX4728503	Illumina HiSeq 4000	FFG_GZ_N_1h-B	ATCC-1395-BL-R-1	SRP162370	FFPE
SRR7890871	PRJNA489865	SAMN10102581	SRX4728497	Illumina HiSeq 4000	FFG_GZ_N_2h-E	ATCC-1395-BL-R-2	SRP162370	FFPE
SRR7890931	PRJNA489865	SAMN10102573	SRX4728437	Illumina HiSeq 4000	LBP_HS_T_100ng_1	HCC1395	SRP162370	breast carcinoma
SRR7890826	PRJNA489865	SAMN10102574	SRX4728542	HiSeq X Ten	WGS_FD_N_1	HCC1395BL	SRP162370	B lymphoblast
SRR7890855	PRJNA489865	SAMN10102574	SRX4728513	Illumina HiSeq 4000	WGS_NC_N_1	HCC1395BL	SRP162370	B lymphoblast
SRR7890857	PRJNA489865	SAMN10102574	SRX4728511	Illumina HiSeq 4000	WGS_IL_N_3	HCC1395BL	SRP162370	B lymphoblast
SRR7890859	PRJNA489865	SAMN10102574	SRX4728509	Illumina HiSeq 4000	WGS_IL_N_1	HCC1395BL	SRP162370	B lymphoblast
SRR7890861	PRJNA489865	SAMN10102574	SRX4728507	Illumina HiSeq 4000	WGS_LL_N_1	HCC1395BL	SRP162370	B lymphoblast
SRR7890886	PRJNA489865	SAMN10102574	SRX4728482	Illumina NovaSeq 6000	WGS_NS_N_5	HCC1395BL	SRP162370	B lymphoblast
SRR7890888	PRJNA489865	SAMN10102574	SRX4728480	Illumina NovaSeq 6000	WGS_NS_N_3	HCC1395BL	SRP162370	B lymphoblast
SRR7890913	PRJNA489865	SAMN10102574	SRX4728455	Illumina HiSeq 4000	WGS_NV_N_1	HCC1395BL	SRP162370	B lymphoblast
SRR7890914	PRJNA489865	SAMN10102574	SRX4728454	Illumina HiSeq 4000	WGS_NV_N_3	HCC1395BL	SRP162370	B lymphoblast
SRR7890921	PRJNA489865	SAMN10102574	SRX4728447	Illumina HiSeq 4000	LBP_LL_N_1ng	HCC1395BL	SRP162370	B lymphoblast
SRR7890923	PRJNA489865	SAMN10102574	SRX4728445	Illumina HiSeq 4000	LBP_LL_N_100ng	HCC1395BL	SRP162370	B lymphoblast
SRR7890942	PRJNA489865	SAMN10102574	SRX4728426	Illumina NovaSeq 6000	WGS_NS_N_4	HCC1395BL	SRP162370	B lymphoblast
SRR7890845	PRJNA489865	SAMN10102574	SRX4728523	Illumina HiSeq 2500	WES_NC_N_1	HCC1395BL	SRP162370	B lymphoblast
SRR7890880	PRJNA489865	SAMN10102574	SRX4728488	Illumina HiSeq 4000	WES_FD_N_1	HCC1395BL	SRP162370	B lymphoblast
SRR7890884	PRJNA489865	SAMN10102574	SRX4728484	Illumina NovaSeq 6000	WGS_NS_N_7	HCC1395BL	SRP162370	B lymphoblast
SRR7890890	PRJNA489865	SAMN10102574	SRX4728478	Illumina HiSeq 4000	SPP_GT_0-1_2	HCC1395BL	SRP162370	B lymphoblast
SRR7890891	PRJNA489865	SAMN10102574	SRX4728477	Illumina HiSeq 4000	SPP_GT_0-1_1	HCC1395BL	SRP162370	B lymphoblast
SRR7890892	PRJNA489865	SAMN10102574	SRX4728476	Illumina NovaSeq 6000	WGS_NS_N_9	HCC1395BL	SRP162370	B lymphoblast
SRR7890912	PRJNA489865	SAMN10102574	SRX4728456	Illumina HiSeq 4000	WGS_NV_N_2	HCC1395BL	SRP162370	B lymphoblast
SRR7890922	PRJNA489865	SAMN10102574	SRX4728446	Illumina HiSeq 4000	LBP_LL_N_10ng	HCC1395BL	SRP162370	B lymphoblast
SRR7890928	PRJNA489865	SAMN10102574	SRX4728440	Illumina HiSeq 4000	LBP_HS_N_100ng_1	HCC1395BL	SRP162370	B lymphoblast
SRR7890929	PRJNA489865	SAMN10102574	SRX4728439	Illumina HiSeq 4000	LBP_HS_N_10ng_1	HCC1395BL	SRP162370	B lymphoblast
SRR7890930	PRJNA489865	SAMN10102574	SRX4728438	Illumina HiSeq 4000	LBP_HS_N_1ng_1	HCC1395BL	SRP162370	B lymphoblast
SRR7909740	PRJNA489865	SAMN10102574	SRX4728510	Illumina HiSeq 4000	WGS_IL_N_2	HCC1395BL	SRP162370	B lymphoblast
SRR7909741	PRJNA489865	SAMN10102574	SRX4728510	Illumina HiSeq 4000	WGS_IL_N_2	HCC1395BL	SRP162370	B lymphoblast
SRR7909742	PRJNA489865	SAMN10102574	SRX4728510	Illumina HiSeq 4000	WGS_IL_N_2	HCC1395BL	SRP162370	B lymphoblast
SRR7909776	PRJNA489865	SAMN10102574	SRX4728424	Illumina NovaSeq 6000	WGS_NS_N_2	HCC1395BL	SRP162370	B lymphoblast
SRR7909833	PRJNA489865	SAMN10102574	SRX4728454	Illumina HiSeq 4000	WGS_NV_N_3	HCC1395BL	SRP162370	B lymphoblast
SRR7909835	PRJNA489865	SAMN10102574	SRX4728454	Illumina HiSeq 4000	WGS_NV_N_3	HCC1395BL	SRP162370	B lymphoblast
SRR7909923	PRJNA489865	SAMN10102574	SRX4728455	Illumina HiSeq 4000	WGS_NV_N_1	HCC1395BL	SRP162370	B lymphoblast
SRR7909924	PRJNA489865	SAMN10102574	SRX4728455	Illumina HiSeq 4000	WGS_NV_N_1	HCC1395BL	SRP162370	B lymphoblast
SRR7909925	PRJNA489865	SAMN10102574	SRX4728455	Illumina HiSeq 4000	WGS_NV_N_1	HCC1395BL	SRP162370	B lymphoblast
SRR7909926	PRJNA489865	SAMN10102574	SRX4728483	Illumina NovaSeq 6000	WGS_NS_N_8	HCC1395BL	SRP162370	B lymphoblast
SRR7910003	PRJNA489865	SAMN10102574	SRX4728511	Illumina HiSeq 4000	WGS_IL_N_3	HCC1395BL	SRP162370	B lymphoblast
SRR7910004	PRJNA489865	SAMN10102574	SRX4728511	Illumina HiSeq 4000	WGS_IL_N_3	HCC1395BL	SRP162370	B lymphoblast
SRR7910005	PRJNA489865	SAMN10102574	SRX4728511	Illumina HiSeq 4000	WGS_IL_N_3	HCC1395BL	SRP162370	B lymphoblast
SRR7945633	PRJNA489865	SAMN10102574	SRX4728509	Illumina HiSeq 4000	WGS_IL_N_1	HCC1395BL	SRP162370	B lymphoblast
SRR7945634	PRJNA489865	SAMN10102574	SRX4728509	Illumina HiSeq 4000	WGS_IL_N_1	HCC1395BL	SRP162370	B lymphoblast
SRR7945663	PRJNA489865	SAMN10102574	SRX4728509	Illumina HiSeq 4000	WGS_IL_N_1	HCC1395BL	SRP162370	B lymphoblast
SRR8955952	PRJNA489865	SAMN10102574	SRX5735703	Illumina HiSeq 3000	CHR_NC_N_1	HCC1395BL	SRP162370	B lymphoblast
SRR8955956	PRJNA489865	SAMN10102574	SRX5735699	NextSeq 500	AMS_AB_N_1	HCC1395BL	SRP162370	B lymphoblast
SRR8955958	PRJNA489865	SAMN10102574	SRX5735697	NextSeq 500	AMS_AB_N_2	HCC1395BL	SRP162370	B lymphoblast
SRR8955961	PRJNA489865	SAMN10102574	SRX5735688	HiSeq X Ten	CHR_EA_N_1	HCC1395BL	SRP162370	B lymphoblast
SRR8955964	PRJNA489865	SAMN10102574	SRX5735691	HiSeq X Ten	CHR_FD_N_2	HCC1395BL	SRP162370	B lymphoblast
SRR8955969	PRJNA489865	SAMN10102574	SRX5735686	Illumina HiSeq 4000	CHR_IL_N_1	HCC1395BL	SRP162370	B lymphoblast
SRR8955971	PRJNA489865	SAMN10102574	SRX5735684	Illumina HiSeq 4000	CHR_NV_N_1	HCC1395BL	SRP162370	B lymphoblast
SRR8955973	PRJNA489865	SAMN10102574	SRX5735682	Illumina HiSeq 4000	CHR_NV_N_2	HCC1395BL	SRP162370	B lymphoblast
SRR8955975	PRJNA489865	SAMN10102574	SRX5735680	Illumina HiSeq 4000	CHR_IL_N_2	HCC1395BL	SRP162370	B lymphoblast
SRR8955977	PRJNA489865	SAMN10102574	SRX5735678	Illumina HiSeq 4000	CHR_IL_N_3	HCC1395BL	SRP162370	B lymphoblast
SRR8955979	PRJNA489865	SAMN10102574	SRX5735676	Illumina HiSeq 4000	CHR_NV_N_3	HCC1395BL	SRP162370	B lymphoblast
SRR8955981	PRJNA489865	SAMN10102574	SRX5735674	Ion S5	INT_EA_N_1	HCC1395BL	SRP162370	B lymphoblast
SRR7890896	PRJNA489865	SAMN10102578	SRX4728472	Illumina HiSeq 4000	SPP_GT_1-9_1	SPP_GT_1-9_mix	SRP162370	DNA mix
SRR7890955	PRJNA489865	SAMN10102576	SRX4728413	Illumina HiSeq 4000	SPP_GT_1-19_1	SPP_GT_1-19_mix	SRP162370	DNA mix
SRR7890957	PRJNA489865	SAMN10102575	SRX4728411	Illumina HiSeq 4000	SPP_GT_1-1_2	SPP_GT_1-1_mix	SRP162370	DNA mix
SRR7890899	PRJNA489865	SAMN10102578	SRX4728469	Illumina HiSeq 4000	SPP_GT_1-9_2	SPP_GT_1-9_mix	SRP162370	DNA mix
SRR7963260	PRJNA489865	SAMN10102575	SRX4728411	Illumina HiSeq 4000	SPP_GT_1-1_2	SPP_GT_1-1_mix	SRP162370	DNA mix
SRR7947152	PRJNA489865	SAMN10102578	SRX4728472	Illumina HiSeq 4000	SPP_GT_1-9_1	SPP_GT_1-9_mix	SRP162370	DNA mix
SRR7890830	PRJNA489865	SAMN10102573	SRX4728538	Illumina HiSeq 2500	WES_NV_T_2	HCC1395	SRP162370	breast carcinoma
SRR7890831	PRJNA489865	SAMN10102573	SRX4728537	Illumina HiSeq 2500	WES_NV_T_3	HCC1395	SRP162370	breast carcinoma
SRR7890833	PRJNA489865	SAMN10102573	SRX4728535	HiSeq X Ten	WGS_EA_T_1	HCC1395	SRP162370	breast carcinoma
SRR7890842	PRJNA489865	SAMN10102580	SRX4728526	Illumina HiSeq 4000	FFG_IL_N_1h	ATCC-1395-BL-R-1	SRP162370	FFPE
SRR7890849	PRJNA489865	SAMN10102573	SRX4728519	Illumina HiSeq 4000	WES_IL_T_2	HCC1395	SRP162370	breast carcinoma
SRR7890856	PRJNA489865	SAMN10102573	SRX4728512	Illumina HiSeq 4000	WGS_IL_T_1	HCC1395	SRP162370	breast carcinoma
SRR7890873	PRJNA489865	SAMN10102582	SRX4728495	Illumina HiSeq 4000	FFG_GZ_N_6h-E	ATCC-1395-BL-R-6	SRP162370	FFPE
SRR7890876	PRJNA489865	SAMN10102573	SRX4728492	Illumina HiSeq 4000	WES_FD_T_2	HCC1395	SRP162370	breast carcinoma
SRR7890879	PRJNA489865	SAMN10102573	SRX4728489	Illumina HiSeq 4000	WES_FD_T_1	HCC1395	SRP162370	breast carcinoma
SRR7890883	PRJNA489865	SAMN10102573	SRX4728485	Illumina HiSeq 4000	WES_IL_T_1	HCC1395	SRP162370	breast carcinoma
SRR7890885	PRJNA489865	SAMN10102574	SRX4728483	Illumina NovaSeq 6000	WGS_NS_N_8	HCC1395BL	SRP162370	B lymphoblast
SRR7890893	PRJNA489865	SAMN10102573	SRX4728475	Illumina NovaSeq 6000	WGS_NS_T_1	HCC1395	SRP162370	breast carcinoma
SRR7890904	PRJNA489865	SAMN10102573	SRX4728464	Illumina NovaSeq 6000	WGS_NS_T_7	HCC1395	SRP162370	breast carcinoma
SRR7890934	PRJNA489865	SAMN10102585	SRX4728434	Illumina HiSeq 4000	FFX_IL_T_2h_1	ATCC-1395-BrCA-R-2	SRP162370	FFPE
SRR7890937	PRJNA489865	SAMN10102573	SRX4728431	Illumina HiSeq 4000	LBP_HS_T_10ng_1	HCC1395	SRP162370	breast carcinoma
SRR7890945	PRJNA489865	SAMN10102584	SRX4728423	Illumina HiSeq 4000	FFX_GZ_T_1h_1	ATCC-1395-BrCA-R-1	SRP162370	FFPE
SRR7890946	PRJNA489865	SAMN10102582	SRX4728422	Illumina HiSeq 4000	FFX_GZ_N_6h_1	ATCC-1395-BL-R-6	SRP162370	FFPE
SRR7890948	PRJNA489865	SAMN10102584	SRX4728420	Illumina HiSeq 4000	FFX_GZ_T_1h_3	ATCC-1395-BrCA-R-1	SRP162370	FFPE
SRR7890951	PRJNA489865	SAMN10102583	SRX4728417	Illumina HiSeq 4000	FFX_IL_N_24h_2	ATCC-1395-BL-R-24	SRP162370	FFPE
SRR7890964	PRJNA489865	SAMN10102587	SRX4728404	Illumina HiSeq 4000	FFG_IL_T_24h	ATCC-1395-BrCA-R-24	SRP162370	FFPE
SRR7890829	PRJNA489865	SAMN10102573	SRX4728539	HiSeq X Ten	WGS_FD_T_1	HCC1395	SRP162370	breast carcinoma
SRR7890836	PRJNA489865	SAMN10102585	SRX4728532	Illumina HiSeq 4000	FFG_GZ_T_2h-A	ATCC-1395-BrCA-R-2	SRP162370	FFPE
SRR7890838	PRJNA489865	SAMN10102587	SRX4728530	Illumina HiSeq 4000	FFG_GZ_T_24h-B	ATCC-1395-BrCA-R-24	SRP162370	FFPE
SRR7890840	PRJNA489865	SAMN10102584	SRX4728528	Illumina HiSeq 4000	FFG_GZ_T_1h-B	ATCC-1395-BrCA-R-1	SRP162370	FFPE
SRR7890843	PRJNA489865	SAMN10102586	SRX4728525	Illumina HiSeq 4000	FFG_GZ_T_6h-B	ATCC-1395-BrCA-R-6	SRP162370	FFPE
SRR7890848	PRJNA489865	SAMN10102573	SRX4728520	Illumina HiSeq 4000	WES_IL_T_3	HCC1395	SRP162370	breast carcinoma
SRR7890854	PRJNA489865	SAMN10102573	SRX4728514	Illumina HiSeq 4000	WGS_NC_T_1	HCC1395	SRP162370	breast carcinoma
SRR7890862	PRJNA489865	SAMN10102573	SRX4728506	Illumina HiSeq 4000	WGS_IL_T_3	HCC1395	SRP162370	breast carcinoma
SRR7890915	PRJNA489865	SAMN10102573	SRX4728453	Illumina HiSeq 4000	WGS_NV_T_1	HCC1395	SRP162370	breast carcinoma
SRR7890916	PRJNA489865	SAMN10102573	SRX4728452	Illumina HiSeq 4000	WGS_NV_T_2	HCC1395	SRP162370	breast carcinoma
SRR7890925	PRJNA489865	SAMN10102573	SRX4728443	Illumina HiSeq 4000	LBP_LL_T_1ng	HCC1395	SRP162370	breast carcinoma
SRR7890932	PRJNA489865	SAMN10102584	SRX4728436	Illumina HiSeq 4000	FFX_IL_T_1h_1	ATCC-1395-BrCA-R-1	SRP162370	FFPE
SRR7890933	PRJNA489865	SAMN10102587	SRX4728435	Illumina HiSeq 4000	FFX_IL_T_24h_1	ATCC-1395-BrCA-R-24	SRP162370	FFPE
SRR7890935	PRJNA489865	SAMN10102586	SRX4728433	Illumina HiSeq 4000	FFX_IL_T_6h_1	ATCC-1395-BrCA-R-6	SRP162370	FFPE
SRR7890950	PRJNA489865	SAMN10102587	SRX4728418	Illumina HiSeq 4000	FFX_GZ_T_24h_2	ATCC-1395-BrCA-R-24	SRP162370	FFPE
SRR7890952	PRJNA489865	SAMN10102580	SRX4728416	Illumina HiSeq 4000	FFX_IL_N_1h_2	ATCC-1395-BL-R-1	SRP162370	FFPE
SRR7890954	PRJNA489865	SAMN10102581	SRX4728414	Illumina HiSeq 4000	FFX_IL_N_2h_2	ATCC-1395-BL-R-2	SRP162370	FFPE
SRR7890959	PRJNA489865	SAMN10102584	SRX4728409	Illumina HiSeq 4000	FFG_IL_T_1h	ATCC-1395-BrCA-R-1	SRP162370	FFPE
SRR7890960	PRJNA489865	SAMN10102583	SRX4728408	Illumina HiSeq 4000	FFG_IL_N_24h	ATCC-1395-BL-R-24	SRP162370	FFPE
SRR7890965	PRJNA489865	SAMN10102585	SRX4728403	Illumina HiSeq 4000	FFG_IL_T_2h	ATCC-1395-BrCA-R-2	SRP162370	FFPE
SRR7890834	PRJNA489865	SAMN10102586	SRX4728534	Illumina HiSeq 4000	FFG_GZ_T_6h-A	ATCC-1395-BrCA-R-6	SRP162370	FFPE
SRR8955955	PRJNA489865	SAMN10102573	SRX5735700	NextSeq 500	AMS_AB_T_1	HCC1395	SRP162370	breast carcinoma
SRR8955959	PRJNA489865	SAMN10102573	SRX5735696	NextSeq 500	AMS_AB_T_3	HCC1395	SRP162370	breast carcinoma
SRR8955965	PRJNA489865	SAMN10102573	SRX5735690	HiSeq X Ten	CHR_FD_T_2	HCC1395	SRP162370	breast carcinoma
SRR8955970	PRJNA489865	SAMN10102573	SRX5735685	Illumina HiSeq 4000	CHR_IL_T_1	HCC1395	SRP162370	breast carcinoma
SRR7890851	PRJNA489865	SAMN10102574	SRX4728517	Illumina HiSeq 4000	WES_LL_N_1	HCC1395BL	SRP162370	B lymphoblast
SRR7890853	PRJNA489865	SAMN10102574	SRX4728515	Illumina HiSeq 2500	WES_NV_N_3	HCC1395BL	SRP162370	B lymphoblast
SRR7890874	PRJNA489865	SAMN10102574	SRX4728494	Illumina HiSeq 4000	WES_IL_N_1	HCC1395BL	SRP162370	B lymphoblast
SRR7890882	PRJNA489865	SAMN10102574	SRX4728486	Illumina HiSeq 4000	WES_IL_N_3	HCC1395BL	SRP162370	B lymphoblast
SRR7890889	PRJNA489865	SAMN10102574	SRX4728479	Illumina HiSeq 4000	SPP_GT_0-1_3	HCC1395BL	SRP162370	B lymphoblast
SRR7890919	PRJNA489865	SAMN10102574	SRX4728449	Illumina HiSeq 1500	WES_EA_N_1	HCC1395BL	SRP162370	B lymphoblast
SRR7890940	PRJNA489865	SAMN10102574	SRX4728428	Illumina NovaSeq 6000	WGS_NS_N_6	HCC1395BL	SRP162370	B lymphoblast
SRR7890943	PRJNA489865	SAMN10102574	SRX4728425	Illumina NovaSeq 6000	WGS_NS_N_1	HCC1395BL	SRP162370	B lymphoblast
SRR7890944	PRJNA489865	SAMN10102574	SRX4728424	Illumina NovaSeq 6000	WGS_NS_N_2	HCC1395BL	SRP162370	B lymphoblast
SRR7890827	PRJNA489865	SAMN10102574	SRX4728541	HiSeq X Ten	WGS_FD_N_2	HCC1395BL	SRP162370	B lymphoblast
SRR7890832	PRJNA489865	SAMN10102574	SRX4728536	HiSeq X Ten	WGS_EA_N_1	HCC1395BL	SRP162370	B lymphoblast
SRR7890846	PRJNA489865	SAMN10102574	SRX4728522	Illumina HiSeq 2500	WES_NV_N_2	HCC1395BL	SRP162370	B lymphoblast
SRR7890858	PRJNA489865	SAMN10102574	SRX4728510	Illumina HiSeq 4000	WGS_IL_N_2	HCC1395BL	SRP162370	B lymphoblast
SRR7890875	PRJNA489865	SAMN10102574	SRX4728493	Illumina HiSeq 4000	WES_IL_N_2	HCC1395BL	SRP162370	B lymphoblast
SRR7890878	PRJNA489865	SAMN10102574	SRX4728490	Illumina HiSeq 4000	WES_FD_N_3	HCC1395BL	SRP162370	B lymphoblast
SRR7890881	PRJNA489865	SAMN10102574	SRX4728487	Illumina HiSeq 4000	WES_FD_N_2	HCC1395BL	SRP162370	B lymphoblast
SRR7890920	PRJNA489865	SAMN10102574	SRX4728448	Illumina HiSeq 4000	LBP_LL_N_250ng	HCC1395BL	SRP162370	B lymphoblast
SRR8955960	PRJNA489865	SAMN10102574	SRX5735695	NextSeq 500	AMS_AB_N_3	HCC1395BL	SRP162370	B lymphoblast
SRR7890828	PRJNA489865	SAMN10102574	SRX4728540	HiSeq X Ten	WGS_FD_N_3	HCC1395BL	SRP162370	B lymphoblast
SRR8955954	PRJNA489865	SAMN10102574	SRX5735701	Sequel	PBO_WC_N_1	HCC1395BL	SRP162370	B lymphoblast
SRR8955962	PRJNA489865	SAMN10102574	SRX5735693	HiSeq X Ten	CHR_FD_N_1	HCC1395BL	SRP162370	B lymphoblast
SRR8955966	PRJNA489865	SAMN10102574	SRX5735689	HiSeq X Ten	CHR_FD_N_3	HCC1395BL	SRP162370	B lymphoblast
SRR7909834	PRJNA489865	SAMN10102574	SRX4728454	Illumina HiSeq 4000	WGS_NV_N_3	HCC1395BL	SRP162370	B lymphoblast
SRR7890924	PRJNA489865	SAMN10102573	SRX4728444	Illumina HiSeq 4000	LBP_LL_T_250ng	HCC1395	SRP162370	breast carcinoma
SRR7890926	PRJNA489865	SAMN10102573	SRX4728442	Illumina HiSeq 4000	LBP_LL_T_10ng	HCC1395	SRP162370	breast carcinoma
SRR7890825	PRJNA489865	SAMN10102573	SRX4728543	HiSeq X Ten	WGS_FD_T_3	HCC1395	SRP162370	breast carcinoma
SRR7890852	PRJNA489865	SAMN10102573	SRX4728516	Illumina HiSeq 2500	WES_NV_T_1	HCC1395	SRP162370	breast carcinoma
SRR7890900	PRJNA489865	SAMN10102576	SRX4728468	Illumina HiSeq 4000	SPP_GT_1-19_3	SPP_GT_1-19_mix	SRP162370	DNA mix
SRR7890847	PRJNA489865	SAMN10102574	SRX4728521	Illumina HiSeq 2500	WES_NV_N_1	HCC1395BL	SRP162370	B lymphoblast
SRR7890939	PRJNA489865	SAMN10102573	SRX4728429	Illumina HiSeq 4000	SPP_GT_1-0_3	HCC1395	SRP162370	breast carcinoma
