library_name	study_alias	center_alias	sample_types	library_prep	tissue	instrument	sequencing_center	run	bioproject	biosample	experiment	sample_name	sra_study	study_name
AMS_AB_T_2	AMS	AB	HCC1395	2	breast carcinoma	NextSeq 500	AB	SRR8955957	PRJNA489865	SAMN10102573	SRX5735698	HCC1395	SRP162370	AmpliSeq libraries were prepared using Illumina protocol and sequenced on MiSeq platform
AMS_AB_N_1	AMS	AB	HCC1395BL	1	B lymphoblast	NextSeq 500	AB	SRR8955956	PRJNA489865	SAMN10102574	SRX5735699	HCC1395BL	SRP162370	AmpliSeq libraries were prepared using Illumina protocol and sequenced on MiSeq platform
AMS_AB_N_2	AMS	AB	HCC1395BL	2	B lymphoblast	NextSeq 500	AB	SRR8955958	PRJNA489865	SAMN10102574	SRX5735697	HCC1395BL	SRP162370	AmpliSeq libraries were prepared using Illumina protocol and sequenced on MiSeq platform
AMS_AB_T_1	AMS	AB	HCC1395	1	breast carcinoma	NextSeq 500	AB	SRR8955955	PRJNA489865	SAMN10102573	SRX5735700	HCC1395	SRP162370	AmpliSeq libraries were prepared using Illumina protocol and sequenced on MiSeq platform
AMS_AB_T_3	AMS	AB	HCC1395	3	breast carcinoma	NextSeq 500	AB	SRR8955959	PRJNA489865	SAMN10102573	SRX5735696	HCC1395	SRP162370	AmpliSeq libraries were prepared using Illumina protocol and sequenced on MiSeq platform
AMS_AB_N_3	AMS	AB	HCC1395BL	3	B lymphoblast	NextSeq 500	AB	SRR8955960	PRJNA489865	SAMN10102574	SRX5735695	HCC1395BL	SRP162370	AmpliSeq libraries were prepared using Illumina protocol and sequenced on MiSeq platform
CHR_NC_T_1	CHR	NC	HCC1395	1	breast carcinoma	Illumina HiSeq 3000	NCI	SRR8955951	PRJNA489865	SAMN10102573	SRX5735704	HCC1395	SRP162370	10X Genomics Chromium Genome Sequencing (10X WGS) data sets for fresh DNA extracted from HCC1395BL and HCC1395 cell lines
CHR_FD_T_1	CHR	FD	HCC1395	1	breast carcinoma	HiSeq X Ten	Fudan University	SRR8955963	PRJNA489865	SAMN10102573	SRX5735692	HCC1395	SRP162370	10X Genomics Chromium Genome Sequencing (10X WGS) data sets for fresh DNA extracted from HCC1395BL and HCC1395 cell lines
CHR_FD_T_3	CHR	FD	HCC1395	3	breast carcinoma	HiSeq X Ten	Fudan University	SRR8955967	PRJNA489865	SAMN10102573	SRX5735687	HCC1395	SRP162370	10X Genomics Chromium Genome Sequencing (10X WGS) data sets for fresh DNA extracted from HCC1395BL and HCC1395 cell lines
CHR_EA_T_1	CHR	EA	HCC1395	1	breast carcinoma	HiSeq X Ten	EATRIS	SRR8955968	PRJNA489865	SAMN10102573	SRX5735694	HCC1395	SRP162370	10X Genomics Chromium Genome Sequencing (10X WGS) data sets for fresh DNA extracted from HCC1395BL and HCC1395 cell lines
CHR_NV_T_1	CHR	NV	HCC1395	1	breast carcinoma	Illumina HiSeq 4000	Novartis	SRR8955972	PRJNA489865	SAMN10102573	SRX5735683	HCC1395	SRP162370	10X Genomics Chromium Genome Sequencing (10X WGS) data sets for fresh DNA extracted from HCC1395BL and HCC1395 cell lines
CHR_NV_T_2	CHR	NV	HCC1395	2	breast carcinoma	Illumina HiSeq 4000	Novartis	SRR8955974	PRJNA489865	SAMN10102573	SRX5735681	HCC1395	SRP162370	10X Genomics Chromium Genome Sequencing (10X WGS) data sets for fresh DNA extracted from HCC1395BL and HCC1395 cell lines
CHR_IL_T_2	CHR	IL	HCC1395	2	breast carcinoma	Illumina HiSeq 4000	Illumina	SRR8955976	PRJNA489865	SAMN10102573	SRX5735679	HCC1395	SRP162370	10X Genomics Chromium Genome Sequencing (10X WGS) data sets for fresh DNA extracted from HCC1395BL and HCC1395 cell lines
CHR_IL_T_3	CHR	IL	HCC1395	3	breast carcinoma	Illumina HiSeq 4000	Illumina	SRR8955978	PRJNA489865	SAMN10102573	SRX5735677	HCC1395	SRP162370	10X Genomics Chromium Genome Sequencing (10X WGS) data sets for fresh DNA extracted from HCC1395BL and HCC1395 cell lines
CHR_NV_T_3	CHR	NV	HCC1395	3	breast carcinoma	Illumina HiSeq 4000	Novartis	SRR8955980	PRJNA489865	SAMN10102573	SRX5735675	HCC1395	SRP162370	10X Genomics Chromium Genome Sequencing (10X WGS) data sets for fresh DNA extracted from HCC1395BL and HCC1395 cell lines
CHR_NC_N_1	CHR	NC	HCC1395BL	1	B lymphoblast	Illumina HiSeq 3000	NCI	SRR8955952	PRJNA489865	SAMN10102574	SRX5735703	HCC1395BL	SRP162370	10X Genomics Chromium Genome Sequencing (10X WGS) data sets for fresh DNA extracted from HCC1395BL and HCC1395 cell lines
CHR_EA_N_1	CHR	EA	HCC1395BL	1	B lymphoblast	HiSeq X Ten	EATRIS	SRR8955961	PRJNA489865	SAMN10102574	SRX5735688	HCC1395BL	SRP162370	10X Genomics Chromium Genome Sequencing (10X WGS) data sets for fresh DNA extracted from HCC1395BL and HCC1395 cell lines
CHR_FD_N_2	CHR	FD	HCC1395BL	2	B lymphoblast	HiSeq X Ten	Fudan University	SRR8955964	PRJNA489865	SAMN10102574	SRX5735691	HCC1395BL	SRP162370	10X Genomics Chromium Genome Sequencing (10X WGS) data sets for fresh DNA extracted from HCC1395BL and HCC1395 cell lines
CHR_IL_N_1	CHR	IL	HCC1395BL	1	B lymphoblast	Illumina HiSeq 4000	Illumina	SRR8955969	PRJNA489865	SAMN10102574	SRX5735686	HCC1395BL	SRP162370	10X Genomics Chromium Genome Sequencing (10X WGS) data sets for fresh DNA extracted from HCC1395BL and HCC1395 cell lines
CHR_NV_N_1	CHR	NV	HCC1395BL	1	B lymphoblast	Illumina HiSeq 4000	Novartis	SRR8955971	PRJNA489865	SAMN10102574	SRX5735684	HCC1395BL	SRP162370	10X Genomics Chromium Genome Sequencing (10X WGS) data sets for fresh DNA extracted from HCC1395BL and HCC1395 cell lines
CHR_NV_N_2	CHR	NV	HCC1395BL	2	B lymphoblast	Illumina HiSeq 4000	Novartis	SRR8955973	PRJNA489865	SAMN10102574	SRX5735682	HCC1395BL	SRP162370	10X Genomics Chromium Genome Sequencing (10X WGS) data sets for fresh DNA extracted from HCC1395BL and HCC1395 cell lines
CHR_IL_N_2	CHR	IL	HCC1395BL	2	B lymphoblast	Illumina HiSeq 4000	Illumina	SRR8955975	PRJNA489865	SAMN10102574	SRX5735680	HCC1395BL	SRP162370	10X Genomics Chromium Genome Sequencing (10X WGS) data sets for fresh DNA extracted from HCC1395BL and HCC1395 cell lines
CHR_IL_N_3	CHR	IL	HCC1395BL	3	B lymphoblast	Illumina HiSeq 4000	Illumina	SRR8955977	PRJNA489865	SAMN10102574	SRX5735678	HCC1395BL	SRP162370	10X Genomics Chromium Genome Sequencing (10X WGS) data sets for fresh DNA extracted from HCC1395BL and HCC1395 cell lines
CHR_NV_N_3	CHR	NV	HCC1395BL	3	B lymphoblast	Illumina HiSeq 4000	Novartis	SRR8955979	PRJNA489865	SAMN10102574	SRX5735676	HCC1395BL	SRP162370	10X Genomics Chromium Genome Sequencing (10X WGS) data sets for fresh DNA extracted from HCC1395BL and HCC1395 cell lines
CHR_FD_T_2	CHR	FD	HCC1395	2	breast carcinoma	HiSeq X Ten	Fudan University	SRR8955965	PRJNA489865	SAMN10102573	SRX5735690	HCC1395	SRP162370	10X Genomics Chromium Genome Sequencing (10X WGS) data sets for fresh DNA extracted from HCC1395BL and HCC1395 cell lines
CHR_IL_T_1	CHR	IL	HCC1395	1	breast carcinoma	Illumina HiSeq 4000	Illumina	SRR8955970	PRJNA489865	SAMN10102573	SRX5735685	HCC1395	SRP162370	10X Genomics Chromium Genome Sequencing (10X WGS) data sets for fresh DNA extracted from HCC1395BL and HCC1395 cell lines
CHR_FD_N_1	CHR	FD	HCC1395BL	1	B lymphoblast	HiSeq X Ten	Fudan University	SRR8955962	PRJNA489865	SAMN10102574	SRX5735693	HCC1395BL	SRP162370	10X Genomics Chromium Genome Sequencing (10X WGS) data sets for fresh DNA extracted from HCC1395BL and HCC1395 cell lines
CHR_FD_N_3	CHR	FD	HCC1395BL	3	B lymphoblast	HiSeq X Ten	Fudan University	SRR8955966	PRJNA489865	SAMN10102574	SRX5735689	HCC1395BL	SRP162370	10X Genomics Chromium Genome Sequencing (10X WGS) data sets for fresh DNA extracted from HCC1395BL and HCC1395 cell lines
FFG_GZ_T_2h-B	FFG	GZ	HCC1395	2h-B	FFPE	Illumina HiSeq 4000	GZ	SRR7890835	PRJNA489865	SAMN10102585	SRX4728533	ATCC-1395-BrCA-R-2	SRP162370	WGS of FFPE with fixation time of 1, 2, 6, or 24 hours from HCC1395BL and HCC1395 cell lines
FFG_GZ_T_24h-F	FFG	GZ	HCC1395	24h-F	FFPE	Illumina HiSeq 4000	GZ	SRR7890837	PRJNA489865	SAMN10102587	SRX4728531	ATCC-1395-BrCA-R-24	SRP162370	WGS of FFPE with fixation time of 1, 2, 6, or 24 hours from HCC1395BL and HCC1395 cell lines
FFG_GZ_T_1h-E	FFG	GZ	HCC1395	1h-E	FFPE	Illumina HiSeq 4000	GZ	SRR7890839	PRJNA489865	SAMN10102584	SRX4728529	ATCC-1395-BrCA-R-1	SRP162370	WGS of FFPE with fixation time of 1, 2, 6, or 24 hours from HCC1395BL and HCC1395 cell lines
FFG_GZ_T_1h-A	FFG	GZ	HCC1395	1h-A	FFPE	Illumina HiSeq 4000	GZ	SRR7890841	PRJNA489865	SAMN10102584	SRX4728527	ATCC-1395-BrCA-R-1	SRP162370	WGS of FFPE with fixation time of 1, 2, 6, or 24 hours from HCC1395BL and HCC1395 cell lines
FFG_GZ_N_24h-C	FFG	GZ	HCC1395BL	24h-C	FFPE	Illumina HiSeq 4000	GZ	SRR7890868	PRJNA489865	SAMN10102583	SRX4728500	ATCC-1395-BL-R-24	SRP162370	WGS of FFPE with fixation time of 1, 2, 6, or 24 hours from HCC1395BL and HCC1395 cell lines
FFG_IL_T_6h	FFG	IL	HCC1395	6h	FFPE	Illumina HiSeq 4000	Illumina	SRR7890962	PRJNA489865	SAMN10102586	SRX4728406	ATCC-1395-BrCA-R-6	SRP162370	WGS of FFPE with fixation time of 1, 2, 6, or 24 hours from HCC1395BL and HCC1395 cell lines
FFG_GZ_N_1h-F	FFG	GZ	HCC1395BL	1h-F	FFPE	Illumina HiSeq 4000	GZ	SRR7890866	PRJNA489865	SAMN10102580	SRX4728502	ATCC-1395-BL-R-1	SRP162370	WGS of FFPE with fixation time of 1, 2, 6, or 24 hours from HCC1395BL and HCC1395 cell lines
FFG_GZ_N_24h-B	FFG	GZ	HCC1395BL	24h-B	FFPE	Illumina HiSeq 4000	GZ	SRR7890867	PRJNA489865	SAMN10102583	SRX4728501	ATCC-1395-BL-R-24	SRP162370	WGS of FFPE with fixation time of 1, 2, 6, or 24 hours from HCC1395BL and HCC1395 cell lines
FFG_GZ_N_24h-F	FFG	GZ	HCC1395BL	24h-F	FFPE	Illumina HiSeq 4000	GZ	SRR7890869	PRJNA489865	SAMN10102583	SRX4728499	ATCC-1395-BL-R-24	SRP162370	WGS of FFPE with fixation time of 1, 2, 6, or 24 hours from HCC1395BL and HCC1395 cell lines
FFG_GZ_N_2h-A	FFG	GZ	HCC1395BL	2h-A	FFPE	Illumina HiSeq 4000	GZ	SRR7890870	PRJNA489865	SAMN10102581	SRX4728498	ATCC-1395-BL-R-2	SRP162370	WGS of FFPE with fixation time of 1, 2, 6, or 24 hours from HCC1395BL and HCC1395 cell lines
FFG_GZ_N_6h-A	FFG	GZ	HCC1395BL	6h-A	FFPE	Illumina HiSeq 4000	GZ	SRR7890872	PRJNA489865	SAMN10102582	SRX4728496	ATCC-1395-BL-R-6	SRP162370	WGS of FFPE with fixation time of 1, 2, 6, or 24 hours from HCC1395BL and HCC1395 cell lines
FFG_IL_N_6h	FFG	IL	HCC1395BL	6h	FFPE	Illumina HiSeq 4000	Illumina	SRR7890958	PRJNA489865	SAMN10102582	SRX4728410	ATCC-1395-BL-R-6	SRP162370	WGS of FFPE with fixation time of 1, 2, 6, or 24 hours from HCC1395BL and HCC1395 cell lines
FFG_IL_N_2h	FFG	IL	HCC1395BL	2h	FFPE	Illumina HiSeq 4000	Illumina	SRR7890961	PRJNA489865	SAMN10102581	SRX4728407	ATCC-1395-BL-R-2	SRP162370	WGS of FFPE with fixation time of 1, 2, 6, or 24 hours from HCC1395BL and HCC1395 cell lines
FFG_GZ_N_1h-B	FFG	GZ	HCC1395BL	1h-B	FFPE	Illumina HiSeq 4000	GZ	SRR7890865	PRJNA489865	SAMN10102580	SRX4728503	ATCC-1395-BL-R-1	SRP162370	WGS of FFPE with fixation time of 1, 2, 6, or 24 hours from HCC1395BL and HCC1395 cell lines
FFG_GZ_N_2h-E	FFG	GZ	HCC1395BL	2h-E	FFPE	Illumina HiSeq 4000	GZ	SRR7890871	PRJNA489865	SAMN10102581	SRX4728497	ATCC-1395-BL-R-2	SRP162370	WGS of FFPE with fixation time of 1, 2, 6, or 24 hours from HCC1395BL and HCC1395 cell lines
FFG_IL_N_1h	FFG	IL	HCC1395BL	1h	FFPE	Illumina HiSeq 4000	Illumina	SRR7890842	PRJNA489865	SAMN10102580	SRX4728526	ATCC-1395-BL-R-1	SRP162370	WGS of FFPE with fixation time of 1, 2, 6, or 24 hours from HCC1395BL and HCC1395 cell lines
FFG_GZ_N_6h-E	FFG	GZ	HCC1395BL	6h-E	FFPE	Illumina HiSeq 4000	GZ	SRR7890873	PRJNA489865	SAMN10102582	SRX4728495	ATCC-1395-BL-R-6	SRP162370	WGS of FFPE with fixation time of 1, 2, 6, or 24 hours from HCC1395BL and HCC1395 cell lines
FFG_IL_T_24h	FFG	IL	HCC1395	24h	FFPE	Illumina HiSeq 4000	Illumina	SRR7890964	PRJNA489865	SAMN10102587	SRX4728404	ATCC-1395-BrCA-R-24	SRP162370	WGS of FFPE with fixation time of 1, 2, 6, or 24 hours from HCC1395BL and HCC1395 cell lines
FFG_GZ_T_2h-A	FFG	GZ	HCC1395	2h-A	FFPE	Illumina HiSeq 4000	GZ	SRR7890836	PRJNA489865	SAMN10102585	SRX4728532	ATCC-1395-BrCA-R-2	SRP162370	WGS of FFPE with fixation time of 1, 2, 6, or 24 hours from HCC1395BL and HCC1395 cell lines
FFG_GZ_T_24h-B	FFG	GZ	HCC1395	24h-B	FFPE	Illumina HiSeq 4000	GZ	SRR7890838	PRJNA489865	SAMN10102587	SRX4728530	ATCC-1395-BrCA-R-24	SRP162370	WGS of FFPE with fixation time of 1, 2, 6, or 24 hours from HCC1395BL and HCC1395 cell lines
FFG_GZ_T_1h-B	FFG	GZ	HCC1395	1h-B	FFPE	Illumina HiSeq 4000	GZ	SRR7890840	PRJNA489865	SAMN10102584	SRX4728528	ATCC-1395-BrCA-R-1	SRP162370	WGS of FFPE with fixation time of 1, 2, 6, or 24 hours from HCC1395BL and HCC1395 cell lines
FFG_GZ_T_6h-B	FFG	GZ	HCC1395	6h-B	FFPE	Illumina HiSeq 4000	GZ	SRR7890843	PRJNA489865	SAMN10102586	SRX4728525	ATCC-1395-BrCA-R-6	SRP162370	WGS of FFPE with fixation time of 1, 2, 6, or 24 hours from HCC1395BL and HCC1395 cell lines
FFG_IL_T_1h	FFG	IL	HCC1395	1h	FFPE	Illumina HiSeq 4000	Illumina	SRR7890959	PRJNA489865	SAMN10102584	SRX4728409	ATCC-1395-BrCA-R-1	SRP162370	WGS of FFPE with fixation time of 1, 2, 6, or 24 hours from HCC1395BL and HCC1395 cell lines
FFG_IL_N_24h	FFG	IL	HCC1395BL	24h	FFPE	Illumina HiSeq 4000	Illumina	SRR7890960	PRJNA489865	SAMN10102583	SRX4728408	ATCC-1395-BL-R-24	SRP162370	WGS of FFPE with fixation time of 1, 2, 6, or 24 hours from HCC1395BL and HCC1395 cell lines
FFG_IL_T_2h	FFG	IL	HCC1395	2h	FFPE	Illumina HiSeq 4000	Illumina	SRR7890965	PRJNA489865	SAMN10102585	SRX4728403	ATCC-1395-BrCA-R-2	SRP162370	WGS of FFPE with fixation time of 1, 2, 6, or 24 hours from HCC1395BL and HCC1395 cell lines
FFG_GZ_T_6h-A	FFG	GZ	HCC1395	6h-A	FFPE	Illumina HiSeq 4000	GZ	SRR7890834	PRJNA489865	SAMN10102586	SRX4728534	ATCC-1395-BrCA-R-6	SRP162370	WGS of FFPE with fixation time of 1, 2, 6, or 24 hours from HCC1395BL and HCC1395 cell lines
FFX_GZ_T_6h_3	FFX	GZ	HCC1395	6h	FFPE	Illumina HiSeq 4000	GZ	SRR7890949	PRJNA489865	SAMN10102586	SRX4728419	ATCC-1395-BrCA-R-6	SRP162370	WES of FFPE with fixation time of 1, 2, 6, or 24 hours from HCC1395BL and HCC1395 cell lines
FFX_IL_N_6h_2	FFX	IL	HCC1395BL	6h	FFPE	Illumina HiSeq 4000	Illumina	SRR7890953	PRJNA489865	SAMN10102582	SRX4728415	ATCC-1395-BL-R-6	SRP162370	WES of FFPE with fixation time of 1, 2, 6, or 24 hours from HCC1395BL and HCC1395 cell lines
FFX_GZ_N_24h_1	FFX	GZ	HCC1395BL	24h	FFPE	Illumina HiSeq 4000	GZ	SRR7890966	PRJNA489865	SAMN10102583	SRX4728402	ATCC-1395-BL-R-24	SRP162370	WES of FFPE with fixation time of 1, 2, 6, or 24 hours from HCC1395BL and HCC1395 cell lines
FFX_GZ_T_24h_1	FFX	GZ	HCC1395	24h	FFPE	Illumina HiSeq 4000	GZ	SRR7890947	PRJNA489865	SAMN10102587	SRX4728421	ATCC-1395-BrCA-R-24	SRP162370	WES of FFPE with fixation time of 1, 2, 6, or 24 hours from HCC1395BL and HCC1395 cell lines
FFX_GZ_N_1h_1	FFX	GZ	HCC1395BL	1h	FFPE	Illumina HiSeq 4000	GZ	SRR7890963	PRJNA489865	SAMN10102580	SRX4728405	ATCC-1395-BL-R-1	SRP162370	WES of FFPE with fixation time of 1, 2, 6, or 24 hours from HCC1395BL and HCC1395 cell lines
FFX_GZ_N_2h_3	FFX	GZ	HCC1395BL	2h	FFPE	Illumina HiSeq 4000	GZ	SRR7890967	PRJNA489865	SAMN10102581	SRX4728401	ATCC-1395-BL-R-2	SRP162370	WES of FFPE with fixation time of 1, 2, 6, or 24 hours from HCC1395BL and HCC1395 cell lines
FFX_IL_T_2h_1	FFX	IL	HCC1395	2h	FFPE	Illumina HiSeq 4000	Illumina	SRR7890934	PRJNA489865	SAMN10102585	SRX4728434	ATCC-1395-BrCA-R-2	SRP162370	WES of FFPE with fixation time of 1, 2, 6, or 24 hours from HCC1395BL and HCC1395 cell lines
FFX_GZ_T_1h_1	FFX	GZ	HCC1395	1h	FFPE	Illumina HiSeq 4000	GZ	SRR7890945	PRJNA489865	SAMN10102584	SRX4728423	ATCC-1395-BrCA-R-1	SRP162370	WES of FFPE with fixation time of 1, 2, 6, or 24 hours from HCC1395BL and HCC1395 cell lines
FFX_GZ_N_6h_1	FFX	GZ	HCC1395BL	6h	FFPE	Illumina HiSeq 4000	GZ	SRR7890946	PRJNA489865	SAMN10102582	SRX4728422	ATCC-1395-BL-R-6	SRP162370	WES of FFPE with fixation time of 1, 2, 6, or 24 hours from HCC1395BL and HCC1395 cell lines
FFX_GZ_T_1h_3	FFX	GZ	HCC1395	1h	FFPE	Illumina HiSeq 4000	GZ	SRR7890948	PRJNA489865	SAMN10102584	SRX4728420	ATCC-1395-BrCA-R-1	SRP162370	WES of FFPE with fixation time of 1, 2, 6, or 24 hours from HCC1395BL and HCC1395 cell lines
FFX_IL_N_24h_2	FFX	IL	HCC1395BL	24h	FFPE	Illumina HiSeq 4000	Illumina	SRR7890951	PRJNA489865	SAMN10102583	SRX4728417	ATCC-1395-BL-R-24	SRP162370	WES of FFPE with fixation time of 1, 2, 6, or 24 hours from HCC1395BL and HCC1395 cell lines
FFX_IL_T_1h_1	FFX	IL	HCC1395	1h	FFPE	Illumina HiSeq 4000	Illumina	SRR7890932	PRJNA489865	SAMN10102584	SRX4728436	ATCC-1395-BrCA-R-1	SRP162370	WES of FFPE with fixation time of 1, 2, 6, or 24 hours from HCC1395BL and HCC1395 cell lines
FFX_IL_T_24h_1	FFX	IL	HCC1395	24h	FFPE	Illumina HiSeq 4000	Illumina	SRR7890933	PRJNA489865	SAMN10102587	SRX4728435	ATCC-1395-BrCA-R-24	SRP162370	WES of FFPE with fixation time of 1, 2, 6, or 24 hours from HCC1395BL and HCC1395 cell lines
FFX_IL_T_6h_1	FFX	IL	HCC1395	6h	FFPE	Illumina HiSeq 4000	Illumina	SRR7890935	PRJNA489865	SAMN10102586	SRX4728433	ATCC-1395-BrCA-R-6	SRP162370	WES of FFPE with fixation time of 1, 2, 6, or 24 hours from HCC1395BL and HCC1395 cell lines
FFX_GZ_T_24h_2	FFX	GZ	HCC1395	24h	FFPE	Illumina HiSeq 4000	GZ	SRR7890950	PRJNA489865	SAMN10102587	SRX4728418	ATCC-1395-BrCA-R-24	SRP162370	WES of FFPE with fixation time of 1, 2, 6, or 24 hours from HCC1395BL and HCC1395 cell lines
FFX_IL_N_1h_2	FFX	IL	HCC1395BL	1h	FFPE	Illumina HiSeq 4000	Illumina	SRR7890952	PRJNA489865	SAMN10102580	SRX4728416	ATCC-1395-BL-R-1	SRP162370	WES of FFPE with fixation time of 1, 2, 6, or 24 hours from HCC1395BL and HCC1395 cell lines
FFX_IL_N_2h_2	FFX	IL	HCC1395BL	2h	FFPE	Illumina HiSeq 4000	Illumina	SRR7890954	PRJNA489865	SAMN10102581	SRX4728414	ATCC-1395-BL-R-2	SRP162370	WES of FFPE with fixation time of 1, 2, 6, or 24 hours from HCC1395BL and HCC1395 cell lines
INT_EA_T_1	INT	EA	HCC1395	1	breast carcinoma	Ion S5	EATRIS	SRR8955982	PRJNA489865	SAMN10102573	SRX5735673	HCC1395	SRP162370	Ion Torrent
INT_EA_N_1	INT	EA	HCC1395BL	1	B lymphoblast	Ion S5	EATRIS	SRR8955981	PRJNA489865	SAMN10102574	SRX5735674	HCC1395BL	SRP162370	Ion Torrent
LBP_HS_T_1ng_1	LBP	HS	HCC1395	1ng	breast carcinoma	Illumina HiSeq 4000	HS	SRR7890938	PRJNA489865	SAMN10102573	SRX4728430	HCC1395	SRP162370	WGS Libraries were made from different library protocols such as TruSeq Nano, TruSeq PCR Free and Nextera Flex library protocol with different input amount and sequenced on Illumina HiSeq 3000/4000
LBP_LL_T_100ng	LBP	LL	HCC1395	100ng	breast carcinoma	Illumina HiSeq 4000	Linda Loma University	SRR7890927	PRJNA489865	SAMN10102573	SRX4728441	HCC1395	SRP162370	WGS Libraries were made from different library protocols such as TruSeq Nano, TruSeq PCR Free and Nextera Flex library protocol with different input amount and sequenced on Illumina HiSeq 3000/4000
LBP_HS_T_100ng_1	LBP	HS	HCC1395	100ng	breast carcinoma	Illumina HiSeq 4000	HS	SRR7890931	PRJNA489865	SAMN10102573	SRX4728437	HCC1395	SRP162370	WGS Libraries were made from different library protocols such as TruSeq Nano, TruSeq PCR Free and Nextera Flex library protocol with different input amount and sequenced on Illumina HiSeq 3000/4000
LBP_LL_N_1ng	LBP	LL	HCC1395BL	1ng	B lymphoblast	Illumina HiSeq 4000	Linda Loma University	SRR7890921	PRJNA489865	SAMN10102574	SRX4728447	HCC1395BL	SRP162370	WGS Libraries were made from different library protocols such as TruSeq Nano, TruSeq PCR Free and Nextera Flex library protocol with different input amount and sequenced on Illumina HiSeq 3000/4000
LBP_LL_N_100ng	LBP	LL	HCC1395BL	100ng	B lymphoblast	Illumina HiSeq 4000	Linda Loma University	SRR7890923	PRJNA489865	SAMN10102574	SRX4728445	HCC1395BL	SRP162370	WGS Libraries were made from different library protocols such as TruSeq Nano, TruSeq PCR Free and Nextera Flex library protocol with different input amount and sequenced on Illumina HiSeq 3000/4000
LBP_LL_N_10ng	LBP	LL	HCC1395BL	10ng	B lymphoblast	Illumina HiSeq 4000	Linda Loma University	SRR7890922	PRJNA489865	SAMN10102574	SRX4728446	HCC1395BL	SRP162370	WGS Libraries were made from different library protocols such as TruSeq Nano, TruSeq PCR Free and Nextera Flex library protocol with different input amount and sequenced on Illumina HiSeq 3000/4000
LBP_HS_N_100ng_1	LBP	HS	HCC1395BL	100ng	B lymphoblast	Illumina HiSeq 4000	HS	SRR7890928	PRJNA489865	SAMN10102574	SRX4728440	HCC1395BL	SRP162370	WGS Libraries were made from different library protocols such as TruSeq Nano, TruSeq PCR Free and Nextera Flex library protocol with different input amount and sequenced on Illumina HiSeq 3000/4000
LBP_HS_N_10ng_1	LBP	HS	HCC1395BL	10ng	B lymphoblast	Illumina HiSeq 4000	HS	SRR7890929	PRJNA489865	SAMN10102574	SRX4728439	HCC1395BL	SRP162370	WGS Libraries were made from different library protocols such as TruSeq Nano, TruSeq PCR Free and Nextera Flex library protocol with different input amount and sequenced on Illumina HiSeq 3000/4000
LBP_HS_N_1ng_1	LBP	HS	HCC1395BL	1ng	B lymphoblast	Illumina HiSeq 4000	HS	SRR7890930	PRJNA489865	SAMN10102574	SRX4728438	HCC1395BL	SRP162370	WGS Libraries were made from different library protocols such as TruSeq Nano, TruSeq PCR Free and Nextera Flex library protocol with different input amount and sequenced on Illumina HiSeq 3000/4000
LBP_HS_T_10ng_1	LBP	HS	HCC1395	10ng	breast carcinoma	Illumina HiSeq 4000	HS	SRR7890937	PRJNA489865	SAMN10102573	SRX4728431	HCC1395	SRP162370	WGS Libraries were made from different library protocols such as TruSeq Nano, TruSeq PCR Free and Nextera Flex library protocol with different input amount and sequenced on Illumina HiSeq 3000/4000
LBP_LL_T_1ng	LBP	LL	HCC1395	1ng	breast carcinoma	Illumina HiSeq 4000	Linda Loma University	SRR7890925	PRJNA489865	SAMN10102573	SRX4728443	HCC1395	SRP162370	WGS Libraries were made from different library protocols such as TruSeq Nano, TruSeq PCR Free and Nextera Flex library protocol with different input amount and sequenced on Illumina HiSeq 3000/4000
LBP_LL_N_250ng	LBP	LL	HCC1395BL	250ng	B lymphoblast	Illumina HiSeq 4000	Linda Loma University	SRR7890920	PRJNA489865	SAMN10102574	SRX4728448	HCC1395BL	SRP162370	WGS Libraries were made from different library protocols such as TruSeq Nano, TruSeq PCR Free and Nextera Flex library protocol with different input amount and sequenced on Illumina HiSeq 3000/4000
LBP_LL_T_250ng	LBP	LL	HCC1395	250ng	breast carcinoma	Illumina HiSeq 4000	Linda Loma University	SRR7890924	PRJNA489865	SAMN10102573	SRX4728444	HCC1395	SRP162370	WGS Libraries were made from different library protocols such as TruSeq Nano, TruSeq PCR Free and Nextera Flex library protocol with different input amount and sequenced on Illumina HiSeq 3000/4000
LBP_LL_T_10ng	LBP	LL	HCC1395	10ng	breast carcinoma	Illumina HiSeq 4000	Linda Loma University	SRR7890926	PRJNA489865	SAMN10102573	SRX4728442	HCC1395	SRP162370	WGS Libraries were made from different library protocols such as TruSeq Nano, TruSeq PCR Free and Nextera Flex library protocol with different input amount and sequenced on Illumina HiSeq 3000/4000
PBO_WC_T_1	PBO	WC	HCC1395	1	breast carcinoma	Sequel	Weil Cornell	SRR8955953	PRJNA489865	SAMN10102573	SRX5735702	HCC1395	SRP162370	PacBio Sequel II Whole Genome Sequencing data sets for fresh DNA extracted from HCC1395BL and HCC1395 cell lines
PBO_WC_N_1	PBO	WC	HCC1395BL	1	B lymphoblast	Sequel	Weil Cornell	SRR8955954	PRJNA489865	SAMN10102574	SRX5735701	HCC1395BL	SRP162370	PacBio Sequel II Whole Genome Sequencing data sets for fresh DNA extracted from HCC1395BL and HCC1395 cell lines
SPP_GT_1-9_3	SPP	GT	10% HCC1395	3	DNA mix	Illumina HiSeq 4000	Genentech	SRR7890898	PRJNA489865	SAMN10102578	SRX4728470	SPP_GT_1-9_mix	SRP162370	WGS Libraries were made from pooling the HCC1395 and HCC1395BL cell lines with various ratios (3:1, 1:1, 1:4, 1:9 and 1:19) to create mixtures.
SPP_GT_1-19_2	SPP	GT	5% HCC1395	2	DNA mix	Illumina HiSeq 4000	Genentech	SRR7890901	PRJNA489865	SAMN10102576	SRX4728467	SPP_GT_1-19_mix	SRP162370	WGS Libraries were made from pooling the HCC1395 and HCC1395BL cell lines with various ratios (3:1, 1:1, 1:4, 1:9 and 1:19) to create mixtures.
SPP_GT_1-4_1	SPP	GT	25% HCC1395	1	DNA mix	Illumina HiSeq 4000	Genentech	SRR7890903	PRJNA489865	SAMN10102577	SRX4728465	SPP_GT_1-4_mix	SRP162370	WGS Libraries were made from pooling the HCC1395 and HCC1395BL cell lines with various ratios (3:1, 1:1, 1:4, 1:9 and 1:19) to create mixtures.
SPP_GT_3-1_3	SPP	GT	75% HCC1395	3	DNA mix	Illumina HiSeq 4000	Genentech	SRR7890864	PRJNA489865	SAMN10102579	SRX4728504	SPP_GT_3-1_mix	SRP162370	WGS Libraries were made from pooling the HCC1395 and HCC1395BL cell lines with various ratios (3:1, 1:1, 1:4, 1:9 and 1:19) to create mixtures.
SPP_GT_3-1_2	SPP	GT	75% HCC1395	2	DNA mix	Illumina HiSeq 4000	Genentech	SRR7890894	PRJNA489865	SAMN10102579	SRX4728474	SPP_GT_3-1_mix	SRP162370	WGS Libraries were made from pooling the HCC1395 and HCC1395BL cell lines with various ratios (3:1, 1:1, 1:4, 1:9 and 1:19) to create mixtures.
SPP_GT_3-1_1	SPP	GT	75% HCC1395	1	DNA mix	Illumina HiSeq 4000	Genentech	SRR7890895	PRJNA489865	SAMN10102579	SRX4728473	SPP_GT_3-1_mix	SRP162370	WGS Libraries were made from pooling the HCC1395 and HCC1395BL cell lines with various ratios (3:1, 1:1, 1:4, 1:9 and 1:19) to create mixtures.
SPP_GT_1-4_3	SPP	GT	25% HCC1395	3	DNA mix	Illumina HiSeq 4000	Genentech	SRR7890897	PRJNA489865	SAMN10102577	SRX4728471	SPP_GT_1-4_mix	SRP162370	WGS Libraries were made from pooling the HCC1395 and HCC1395BL cell lines with various ratios (3:1, 1:1, 1:4, 1:9 and 1:19) to create mixtures.
SPP_GT_1-4_2	SPP	GT	25% HCC1395	2	DNA mix	Illumina HiSeq 4000	Genentech	SRR7890902	PRJNA489865	SAMN10102577	SRX4728466	SPP_GT_1-4_mix	SRP162370	WGS Libraries were made from pooling the HCC1395 and HCC1395BL cell lines with various ratios (3:1, 1:1, 1:4, 1:9 and 1:19) to create mixtures.
SPP_GT_1-1_1	SPP	GT	50% HCC1395	1	DNA mix	Illumina HiSeq 4000	Genentech	SRR7890936	PRJNA489865	SAMN10102575	SRX4728432	SPP_GT_1-1_mix	SRP162370	WGS Libraries were made from pooling the HCC1395 and HCC1395BL cell lines with various ratios (3:1, 1:1, 1:4, 1:9 and 1:19) to create mixtures.
SPP_GT_1-1_3	SPP	GT	50% HCC1395	3	DNA mix	Illumina HiSeq 4000	Genentech	SRR7890956	PRJNA489865	SAMN10102575	SRX4728412	SPP_GT_1-1_mix	SRP162370	WGS Libraries were made from pooling the HCC1395 and HCC1395BL cell lines with various ratios (3:1, 1:1, 1:4, 1:9 and 1:19) to create mixtures.
SPP_GT_1-4_1	SPP	GT	25% HCC1395	1	DNA mix	Illumina HiSeq 4000	Genentech	SRR7947146	PRJNA489865	SAMN10102577	SRX4728465	SPP_GT_1-4_mix	SRP162370	WGS Libraries were made from pooling the HCC1395 and HCC1395BL cell lines with various ratios (3:1, 1:1, 1:4, 1:9 and 1:19) to create mixtures.
SPP_GT_1-4_1	SPP	GT	25% HCC1395	1	DNA mix	Illumina HiSeq 4000	Genentech	SRR7947147	PRJNA489865	SAMN10102577	SRX4728465	SPP_GT_1-4_mix	SRP162370	WGS Libraries were made from pooling the HCC1395 and HCC1395BL cell lines with various ratios (3:1, 1:1, 1:4, 1:9 and 1:19) to create mixtures.
SPP_GT_1-4_1	SPP	GT	25% HCC1395	1	DNA mix	Illumina HiSeq 4000	Genentech	SRR7947148	PRJNA489865	SAMN10102577	SRX4728465	SPP_GT_1-4_mix	SRP162370	WGS Libraries were made from pooling the HCC1395 and HCC1395BL cell lines with various ratios (3:1, 1:1, 1:4, 1:9 and 1:19) to create mixtures.
SPP_GT_1-4_3	SPP	GT	25% HCC1395	3	DNA mix	Illumina HiSeq 4000	Genentech	SRR7947149	PRJNA489865	SAMN10102577	SRX4728471	SPP_GT_1-4_mix	SRP162370	WGS Libraries were made from pooling the HCC1395 and HCC1395BL cell lines with various ratios (3:1, 1:1, 1:4, 1:9 and 1:19) to create mixtures.
SPP_GT_1-4_3	SPP	GT	25% HCC1395	3	DNA mix	Illumina HiSeq 4000	Genentech	SRR7947150	PRJNA489865	SAMN10102577	SRX4728471	SPP_GT_1-4_mix	SRP162370	WGS Libraries were made from pooling the HCC1395 and HCC1395BL cell lines with various ratios (3:1, 1:1, 1:4, 1:9 and 1:19) to create mixtures.
SPP_GT_1-4_3	SPP	GT	25% HCC1395	3	DNA mix	Illumina HiSeq 4000	Genentech	SRR7947151	PRJNA489865	SAMN10102577	SRX4728471	SPP_GT_1-4_mix	SRP162370	WGS Libraries were made from pooling the HCC1395 and HCC1395BL cell lines with various ratios (3:1, 1:1, 1:4, 1:9 and 1:19) to create mixtures.
SPP_GT_1-9_1	SPP	GT	10% HCC1395	1	DNA mix	Illumina HiSeq 4000	Genentech	SRR7947153	PRJNA489865	SAMN10102578	SRX4728472	SPP_GT_1-9_mix	SRP162370	WGS Libraries were made from pooling the HCC1395 and HCC1395BL cell lines with various ratios (3:1, 1:1, 1:4, 1:9 and 1:19) to create mixtures.
SPP_GT_1-9_1	SPP	GT	10% HCC1395	1	DNA mix	Illumina HiSeq 4000	Genentech	SRR7947154	PRJNA489865	SAMN10102578	SRX4728472	SPP_GT_1-9_mix	SRP162370	WGS Libraries were made from pooling the HCC1395 and HCC1395BL cell lines with various ratios (3:1, 1:1, 1:4, 1:9 and 1:19) to create mixtures.
SPP_GT_1-4_1	SPP	GT	25% HCC1395	1	DNA mix	Illumina HiSeq 4000	Genentech	SRR7947188	PRJNA489865	SAMN10102577	SRX4728465	SPP_GT_1-4_mix	SRP162370	WGS Libraries were made from pooling the HCC1395 and HCC1395BL cell lines with various ratios (3:1, 1:1, 1:4, 1:9 and 1:19) to create mixtures.
SPP_GT_1-4_1	SPP	GT	25% HCC1395	1	DNA mix	Illumina HiSeq 4000	Genentech	SRR7947189	PRJNA489865	SAMN10102577	SRX4728465	SPP_GT_1-4_mix	SRP162370	WGS Libraries were made from pooling the HCC1395 and HCC1395BL cell lines with various ratios (3:1, 1:1, 1:4, 1:9 and 1:19) to create mixtures.
SPP_GT_1-4_1	SPP	GT	25% HCC1395	1	DNA mix	Illumina HiSeq 4000	Genentech	SRR7947190	PRJNA489865	SAMN10102577	SRX4728465	SPP_GT_1-4_mix	SRP162370	WGS Libraries were made from pooling the HCC1395 and HCC1395BL cell lines with various ratios (3:1, 1:1, 1:4, 1:9 and 1:19) to create mixtures.
SPP_GT_1-9_3	SPP	GT	10% HCC1395	3	DNA mix	Illumina HiSeq 4000	Genentech	SRR7947191	PRJNA489865	SAMN10102578	SRX4728470	SPP_GT_1-9_mix	SRP162370	WGS Libraries were made from pooling the HCC1395 and HCC1395BL cell lines with various ratios (3:1, 1:1, 1:4, 1:9 and 1:19) to create mixtures.
SPP_GT_1-9_3	SPP	GT	10% HCC1395	3	DNA mix	Illumina HiSeq 4000	Genentech	SRR7947192	PRJNA489865	SAMN10102578	SRX4728470	SPP_GT_1-9_mix	SRP162370	WGS Libraries were made from pooling the HCC1395 and HCC1395BL cell lines with various ratios (3:1, 1:1, 1:4, 1:9 and 1:19) to create mixtures.
SPP_GT_1-9_3	SPP	GT	10% HCC1395	3	DNA mix	Illumina HiSeq 4000	Genentech	SRR7947193	PRJNA489865	SAMN10102578	SRX4728470	SPP_GT_1-9_mix	SRP162370	WGS Libraries were made from pooling the HCC1395 and HCC1395BL cell lines with various ratios (3:1, 1:1, 1:4, 1:9 and 1:19) to create mixtures.
SPP_GT_3-1_2	SPP	GT	75% HCC1395	2	DNA mix	Illumina HiSeq 4000	Genentech	SRR7955942	PRJNA489865	SAMN10102579	SRX4728474	SPP_GT_3-1_mix	SRP162370	WGS Libraries were made from pooling the HCC1395 and HCC1395BL cell lines with various ratios (3:1, 1:1, 1:4, 1:9 and 1:19) to create mixtures.
SPP_GT_3-1_2	SPP	GT	75% HCC1395	2	DNA mix	Illumina HiSeq 4000	Genentech	SRR7955943	PRJNA489865	SAMN10102579	SRX4728474	SPP_GT_3-1_mix	SRP162370	WGS Libraries were made from pooling the HCC1395 and HCC1395BL cell lines with various ratios (3:1, 1:1, 1:4, 1:9 and 1:19) to create mixtures.
SPP_GT_3-1_2	SPP	GT	75% HCC1395	2	DNA mix	Illumina HiSeq 4000	Genentech	SRR7955944	PRJNA489865	SAMN10102579	SRX4728474	SPP_GT_3-1_mix	SRP162370	WGS Libraries were made from pooling the HCC1395 and HCC1395BL cell lines with various ratios (3:1, 1:1, 1:4, 1:9 and 1:19) to create mixtures.
SPP_GT_3-1_3	SPP	GT	75% HCC1395	3	DNA mix	Illumina HiSeq 4000	Genentech	SRR7961192	PRJNA489865	SAMN10102579	SRX4728504	SPP_GT_3-1_mix	SRP162370	WGS Libraries were made from pooling the HCC1395 and HCC1395BL cell lines with various ratios (3:1, 1:1, 1:4, 1:9 and 1:19) to create mixtures.
SPP_GT_1-1_2	SPP	GT	50% HCC1395	2	DNA mix	Illumina HiSeq 4000	Genentech	SRR7963261	PRJNA489865	SAMN10102575	SRX4728411	SPP_GT_1-1_mix	SRP162370	WGS Libraries were made from pooling the HCC1395 and HCC1395BL cell lines with various ratios (3:1, 1:1, 1:4, 1:9 and 1:19) to create mixtures.
SPP_GT_1-1_2	SPP	GT	50% HCC1395	2	DNA mix	Illumina HiSeq 4000	Genentech	SRR7963262	PRJNA489865	SAMN10102575	SRX4728411	SPP_GT_1-1_mix	SRP162370	WGS Libraries were made from pooling the HCC1395 and HCC1395BL cell lines with various ratios (3:1, 1:1, 1:4, 1:9 and 1:19) to create mixtures.
SPP_GT_1-1_3	SPP	GT	50% HCC1395	3	DNA mix	Illumina HiSeq 4000	Genentech	SRR7963263	PRJNA489865	SAMN10102575	SRX4728412	SPP_GT_1-1_mix	SRP162370	WGS Libraries were made from pooling the HCC1395 and HCC1395BL cell lines with various ratios (3:1, 1:1, 1:4, 1:9 and 1:19) to create mixtures.
SPP_GT_1-1_3	SPP	GT	50% HCC1395	3	DNA mix	Illumina HiSeq 4000	Genentech	SRR7963264	PRJNA489865	SAMN10102575	SRX4728412	SPP_GT_1-1_mix	SRP162370	WGS Libraries were made from pooling the HCC1395 and HCC1395BL cell lines with various ratios (3:1, 1:1, 1:4, 1:9 and 1:19) to create mixtures.
SPP_GT_1-1_3	SPP	GT	50% HCC1395	3	DNA mix	Illumina HiSeq 4000	Genentech	SRR7963265	PRJNA489865	SAMN10102575	SRX4728412	SPP_GT_1-1_mix	SRP162370	WGS Libraries were made from pooling the HCC1395 and HCC1395BL cell lines with various ratios (3:1, 1:1, 1:4, 1:9 and 1:19) to create mixtures.
SPP_GT_3-1_3	SPP	GT	75% HCC1395	3	DNA mix	Illumina HiSeq 4000	Genentech	SRR7961193	PRJNA489865	SAMN10102579	SRX4728504	SPP_GT_3-1_mix	SRP162370	WGS Libraries were made from pooling the HCC1395 and HCC1395BL cell lines with various ratios (3:1, 1:1, 1:4, 1:9 and 1:19) to create mixtures.
SPP_GT_3-1_3	SPP	GT	75% HCC1395	3	DNA mix	Illumina HiSeq 4000	Genentech	SRR7961194	PRJNA489865	SAMN10102579	SRX4728504	SPP_GT_3-1_mix	SRP162370	WGS Libraries were made from pooling the HCC1395 and HCC1395BL cell lines with various ratios (3:1, 1:1, 1:4, 1:9 and 1:19) to create mixtures.
SPP_GT_1-0_1	SPP	GT	100% HCC1395	1	breast carcinoma	Illumina HiSeq 4000	Genentech	SRR7890941	PRJNA489865	SAMN10102573	SRX4728427	HCC1395	SRP162370	WGS Libraries were made from pooling the HCC1395 and HCC1395BL cell lines with various ratios (3:1, 1:1, 1:4, 1:9 and 1:19) to create mixtures.
SPP_GT_1-0_2	SPP	GT	100% HCC1395	2	breast carcinoma	Illumina HiSeq 4000	Genentech	SRR7890887	PRJNA489865	SAMN10102573	SRX4728481	HCC1395	SRP162370	WGS Libraries were made from pooling the HCC1395 and HCC1395BL cell lines with various ratios (3:1, 1:1, 1:4, 1:9 and 1:19) to create mixtures.
SPP_GT_1-0_1	SPP	GT	100% HCC1395	1	breast carcinoma	Illumina HiSeq 4000	Genentech	SRR7963242	PRJNA489865	SAMN10102573	SRX4728427	HCC1395	SRP162370	WGS Libraries were made from pooling the HCC1395 and HCC1395BL cell lines with various ratios (3:1, 1:1, 1:4, 1:9 and 1:19) to create mixtures.
SPP_GT_1-0_1	SPP	GT	100% HCC1395	1	breast carcinoma	Illumina HiSeq 4000	Genentech	SRR7963243	PRJNA489865	SAMN10102573	SRX4728427	HCC1395	SRP162370	WGS Libraries were made from pooling the HCC1395 and HCC1395BL cell lines with various ratios (3:1, 1:1, 1:4, 1:9 and 1:19) to create mixtures.
SPP_GT_1-0_1	SPP	GT	100% HCC1395	1	breast carcinoma	Illumina HiSeq 4000	Genentech	SRR7963244	PRJNA489865	SAMN10102573	SRX4728427	HCC1395	SRP162370	WGS Libraries were made from pooling the HCC1395 and HCC1395BL cell lines with various ratios (3:1, 1:1, 1:4, 1:9 and 1:19) to create mixtures.
SPP_GT_0-1_2	SPP	GT	0% HCC1395	2	B lymphoblast	Illumina HiSeq 4000	Genentech	SRR7890890	PRJNA489865	SAMN10102574	SRX4728478	HCC1395BL	SRP162370	WGS Libraries were made from pooling the HCC1395 and HCC1395BL cell lines with various ratios (3:1, 1:1, 1:4, 1:9 and 1:19) to create mixtures.
SPP_GT_0-1_1	SPP	GT	0% HCC1395	1	B lymphoblast	Illumina HiSeq 4000	Genentech	SRR7890891	PRJNA489865	SAMN10102574	SRX4728477	HCC1395BL	SRP162370	WGS Libraries were made from pooling the HCC1395 and HCC1395BL cell lines with various ratios (3:1, 1:1, 1:4, 1:9 and 1:19) to create mixtures.
SPP_GT_1-9_1	SPP	GT	10% HCC1395	1	DNA mix	Illumina HiSeq 4000	Genentech	SRR7890896	PRJNA489865	SAMN10102578	SRX4728472	SPP_GT_1-9_mix	SRP162370	WGS Libraries were made from pooling the HCC1395 and HCC1395BL cell lines with various ratios (3:1, 1:1, 1:4, 1:9 and 1:19) to create mixtures.
SPP_GT_1-19_1	SPP	GT	5% HCC1395	1	DNA mix	Illumina HiSeq 4000	Genentech	SRR7890955	PRJNA489865	SAMN10102576	SRX4728413	SPP_GT_1-19_mix	SRP162370	WGS Libraries were made from pooling the HCC1395 and HCC1395BL cell lines with various ratios (3:1, 1:1, 1:4, 1:9 and 1:19) to create mixtures.
SPP_GT_1-1_2	SPP	GT	50% HCC1395	2	DNA mix	Illumina HiSeq 4000	Genentech	SRR7890957	PRJNA489865	SAMN10102575	SRX4728411	SPP_GT_1-1_mix	SRP162370	WGS Libraries were made from pooling the HCC1395 and HCC1395BL cell lines with various ratios (3:1, 1:1, 1:4, 1:9 and 1:19) to create mixtures.
SPP_GT_1-9_2	SPP	GT	10% HCC1395	2	DNA mix	Illumina HiSeq 4000	Genentech	SRR7890899	PRJNA489865	SAMN10102578	SRX4728469	SPP_GT_1-9_mix	SRP162370	WGS Libraries were made from pooling the HCC1395 and HCC1395BL cell lines with various ratios (3:1, 1:1, 1:4, 1:9 and 1:19) to create mixtures.
SPP_GT_1-1_2	SPP	GT	50% HCC1395	2	DNA mix	Illumina HiSeq 4000	Genentech	SRR7963260	PRJNA489865	SAMN10102575	SRX4728411	SPP_GT_1-1_mix	SRP162370	WGS Libraries were made from pooling the HCC1395 and HCC1395BL cell lines with various ratios (3:1, 1:1, 1:4, 1:9 and 1:19) to create mixtures.
SPP_GT_1-9_1	SPP	GT	10% HCC1395	1	DNA mix	Illumina HiSeq 4000	Genentech	SRR7947152	PRJNA489865	SAMN10102578	SRX4728472	SPP_GT_1-9_mix	SRP162370	WGS Libraries were made from pooling the HCC1395 and HCC1395BL cell lines with various ratios (3:1, 1:1, 1:4, 1:9 and 1:19) to create mixtures.
SPP_GT_0-1_3	SPP	GT	0% HCC1395	3	B lymphoblast	Illumina HiSeq 4000	Genentech	SRR7890889	PRJNA489865	SAMN10102574	SRX4728479	HCC1395BL	SRP162370	WGS Libraries were made from pooling the HCC1395 and HCC1395BL cell lines with various ratios (3:1, 1:1, 1:4, 1:9 and 1:19) to create mixtures.
SPP_GT_1-19_3	SPP	GT	5% HCC1395	3	DNA mix	Illumina HiSeq 4000	Genentech	SRR7890900	PRJNA489865	SAMN10102576	SRX4728468	SPP_GT_1-19_mix	SRP162370	WGS Libraries were made from pooling the HCC1395 and HCC1395BL cell lines with various ratios (3:1, 1:1, 1:4, 1:9 and 1:19) to create mixtures.
SPP_GT_1-0_3	SPP	GT	100% HCC1395	3	breast carcinoma	Illumina HiSeq 4000	Genentech	SRR7890939	PRJNA489865	SAMN10102573	SRX4728429	HCC1395	SRP162370	WGS Libraries were made from pooling the HCC1395 and HCC1395BL cell lines with various ratios (3:1, 1:1, 1:4, 1:9 and 1:19) to create mixtures.
WES_FD_T_3	WES	FD	HCC1395	3	breast carcinoma	Illumina HiSeq 4000	Fudan University	SRR7890877	PRJNA489865	SAMN10102573	SRX4728491	HCC1395	SRP162370	WES of Fresh DNA extracted from HCC1395BL and HCC1395 cell lines
WES_EA_T_1	WES	EA	HCC1395	1	breast carcinoma	Illumina HiSeq 1500	EATRIS	SRR7890918	PRJNA489865	SAMN10102573	SRX4728450	HCC1395	SRP162370	WES of Fresh DNA extracted from HCC1395BL and HCC1395 cell lines
WES_NC_T_1	WES	NC	HCC1395	1	breast carcinoma	Illumina HiSeq 2500	NCI	SRR7890844	PRJNA489865	SAMN10102573	SRX4728524	HCC1395	SRP162370	WES of Fresh DNA extracted from HCC1395BL and HCC1395 cell lines
WES_LL_T_1	WES	LL	HCC1395	1	breast carcinoma	Illumina HiSeq 4000	Linda Loma University	SRR7890850	PRJNA489865	SAMN10102573	SRX4728518	HCC1395	SRP162370	WES of Fresh DNA extracted from HCC1395BL and HCC1395 cell lines
WES_NC_N_1	WES	NC	HCC1395BL	1	B lymphoblast	Illumina HiSeq 2500	NCI	SRR7890845	PRJNA489865	SAMN10102574	SRX4728523	HCC1395BL	SRP162370	WES of Fresh DNA extracted from HCC1395BL and HCC1395 cell lines
WES_FD_N_1	WES	FD	HCC1395BL	1	B lymphoblast	Illumina HiSeq 4000	Fudan University	SRR7890880	PRJNA489865	SAMN10102574	SRX4728488	HCC1395BL	SRP162370	WES of Fresh DNA extracted from HCC1395BL and HCC1395 cell lines
WES_NV_T_2	WES	NV	HCC1395	2	breast carcinoma	Illumina HiSeq 2500	Novartis	SRR7890830	PRJNA489865	SAMN10102573	SRX4728538	HCC1395	SRP162370	WES of Fresh DNA extracted from HCC1395BL and HCC1395 cell lines
WES_NV_T_3	WES	NV	HCC1395	3	breast carcinoma	Illumina HiSeq 2500	Novartis	SRR7890831	PRJNA489865	SAMN10102573	SRX4728537	HCC1395	SRP162370	WES of Fresh DNA extracted from HCC1395BL and HCC1395 cell lines
WES_IL_T_2	WES	IL	HCC1395	2	breast carcinoma	Illumina HiSeq 4000	Illumina	SRR7890849	PRJNA489865	SAMN10102573	SRX4728519	HCC1395	SRP162370	WES of Fresh DNA extracted from HCC1395BL and HCC1395 cell lines
WES_FD_T_2	WES	FD	HCC1395	2	breast carcinoma	Illumina HiSeq 4000	Fudan University	SRR7890876	PRJNA489865	SAMN10102573	SRX4728492	HCC1395	SRP162370	WES of Fresh DNA extracted from HCC1395BL and HCC1395 cell lines
WES_FD_T_1	WES	FD	HCC1395	1	breast carcinoma	Illumina HiSeq 4000	Fudan University	SRR7890879	PRJNA489865	SAMN10102573	SRX4728489	HCC1395	SRP162370	WES of Fresh DNA extracted from HCC1395BL and HCC1395 cell lines
WES_IL_T_1	WES	IL	HCC1395	1	breast carcinoma	Illumina HiSeq 4000	Illumina	SRR7890883	PRJNA489865	SAMN10102573	SRX4728485	HCC1395	SRP162370	WES of Fresh DNA extracted from HCC1395BL and HCC1395 cell lines
WES_IL_T_3	WES	IL	HCC1395	3	breast carcinoma	Illumina HiSeq 4000	Illumina	SRR7890848	PRJNA489865	SAMN10102573	SRX4728520	HCC1395	SRP162370	WES of Fresh DNA extracted from HCC1395BL and HCC1395 cell lines
WES_LL_N_1	WES	LL	HCC1395BL	1	B lymphoblast	Illumina HiSeq 4000	Linda Loma University	SRR7890851	PRJNA489865	SAMN10102574	SRX4728517	HCC1395BL	SRP162370	WES of Fresh DNA extracted from HCC1395BL and HCC1395 cell lines
WES_NV_N_3	WES	NV	HCC1395BL	3	B lymphoblast	Illumina HiSeq 2500	Novartis	SRR7890853	PRJNA489865	SAMN10102574	SRX4728515	HCC1395BL	SRP162370	WES of Fresh DNA extracted from HCC1395BL and HCC1395 cell lines
WES_IL_N_1	WES	IL	HCC1395BL	1	B lymphoblast	Illumina HiSeq 4000	Illumina	SRR7890874	PRJNA489865	SAMN10102574	SRX4728494	HCC1395BL	SRP162370	WES of Fresh DNA extracted from HCC1395BL and HCC1395 cell lines
WES_IL_N_3	WES	IL	HCC1395BL	3	B lymphoblast	Illumina HiSeq 4000	Illumina	SRR7890882	PRJNA489865	SAMN10102574	SRX4728486	HCC1395BL	SRP162370	WES of Fresh DNA extracted from HCC1395BL and HCC1395 cell lines
WES_EA_N_1	WES	EA	HCC1395BL	1	B lymphoblast	Illumina HiSeq 1500	EATRIS	SRR7890919	PRJNA489865	SAMN10102574	SRX4728449	HCC1395BL	SRP162370	WES of Fresh DNA extracted from HCC1395BL and HCC1395 cell lines
WES_NV_N_2	WES	NV	HCC1395BL	2	B lymphoblast	Illumina HiSeq 2500	Novartis	SRR7890846	PRJNA489865	SAMN10102574	SRX4728522	HCC1395BL	SRP162370	WES of Fresh DNA extracted from HCC1395BL and HCC1395 cell lines
WES_IL_N_2	WES	IL	HCC1395BL	2	B lymphoblast	Illumina HiSeq 4000	Illumina	SRR7890875	PRJNA489865	SAMN10102574	SRX4728493	HCC1395BL	SRP162370	WES of Fresh DNA extracted from HCC1395BL and HCC1395 cell lines
WES_FD_N_3	WES	FD	HCC1395BL	3	B lymphoblast	Illumina HiSeq 4000	Fudan University	SRR7890878	PRJNA489865	SAMN10102574	SRX4728490	HCC1395BL	SRP162370	WES of Fresh DNA extracted from HCC1395BL and HCC1395 cell lines
WES_FD_N_2	WES	FD	HCC1395BL	2	B lymphoblast	Illumina HiSeq 4000	Fudan University	SRR7890881	PRJNA489865	SAMN10102574	SRX4728487	HCC1395BL	SRP162370	WES of Fresh DNA extracted from HCC1395BL and HCC1395 cell lines
WES_NV_T_1	WES	NV	HCC1395	1	breast carcinoma	Illumina HiSeq 2500	Novartis	SRR7890852	PRJNA489865	SAMN10102573	SRX4728516	HCC1395	SRP162370	WES of Fresh DNA extracted from HCC1395BL and HCC1395 cell lines
WES_NV_N_1	WES	NV	HCC1395BL	1	B lymphoblast	Illumina HiSeq 2500	Novartis	SRR7890847	PRJNA489865	SAMN10102574	SRX4728521	HCC1395BL	SRP162370	WES of Fresh DNA extracted from HCC1395BL and HCC1395 cell lines
WGS_NS_T_9	WGS	NS	HCC1395	9	breast carcinoma	Illumina NovaSeq 6000	NS	SRR7890906	PRJNA489865	SAMN10102573	SRX4728462	HCC1395	SRP162370	WGS of Fresh DNA extracted from HCC1395BL and HCC1395 cell lines
WGS_NS_T_3	WGS	NS	HCC1395	3	breast carcinoma	Illumina NovaSeq 6000	NS	SRR7890908	PRJNA489865	SAMN10102573	SRX4728460	HCC1395	SRP162370	WGS of Fresh DNA extracted from HCC1395BL and HCC1395 cell lines
WGS_NS_T_5	WGS	NS	HCC1395	5	breast carcinoma	Illumina NovaSeq 6000	NS	SRR7890910	PRJNA489865	SAMN10102573	SRX4728458	HCC1395	SRP162370	WGS of Fresh DNA extracted from HCC1395BL and HCC1395 cell lines
WGS_NS_T_4	WGS	NS	HCC1395	4	breast carcinoma	Illumina NovaSeq 6000	NS	SRR7890911	PRJNA489865	SAMN10102573	SRX4728457	HCC1395	SRP162370	WGS of Fresh DNA extracted from HCC1395BL and HCC1395 cell lines
WGS_NV_T_3	WGS	NV	HCC1395	3	breast carcinoma	Illumina HiSeq 4000	Novartis	SRR7890917	PRJNA489865	SAMN10102573	SRX4728451	HCC1395	SRP162370	WGS of Fresh DNA extracted from HCC1395BL and HCC1395 cell lines
WGS_LL_T_1	WGS	LL	HCC1395	1	breast carcinoma	Illumina HiSeq 4000	Linda Loma University	SRR7890860	PRJNA489865	SAMN10102573	SRX4728508	HCC1395	SRP162370	WGS of Fresh DNA extracted from HCC1395BL and HCC1395 cell lines
WGS_NS_T_6	WGS	NS	HCC1395	6	breast carcinoma	Illumina NovaSeq 6000	NS	SRR7890905	PRJNA489865	SAMN10102573	SRX4728463	HCC1395	SRP162370	WGS of Fresh DNA extracted from HCC1395BL and HCC1395 cell lines
WGS_NS_T_8	WGS	NS	HCC1395	8	breast carcinoma	Illumina NovaSeq 6000	NS	SRR7890907	PRJNA489865	SAMN10102573	SRX4728461	HCC1395	SRP162370	WGS of Fresh DNA extracted from HCC1395BL and HCC1395 cell lines
WGS_NS_T_2	WGS	NS	HCC1395	2	breast carcinoma	Illumina NovaSeq 6000	NS	SRR7890909	PRJNA489865	SAMN10102573	SRX4728459	HCC1395	SRP162370	WGS of Fresh DNA extracted from HCC1395BL and HCC1395 cell lines
WGS_NV_T_3	WGS	NV	HCC1395	3	breast carcinoma	Illumina HiSeq 4000	Novartis	SRR7910028	PRJNA489865	SAMN10102573	SRX4728451	HCC1395	SRP162370	WGS of Fresh DNA extracted from HCC1395BL and HCC1395 cell lines
WGS_NV_T_3	WGS	NV	HCC1395	3	breast carcinoma	Illumina HiSeq 4000	Novartis	SRR7910029	PRJNA489865	SAMN10102573	SRX4728451	HCC1395	SRP162370	WGS of Fresh DNA extracted from HCC1395BL and HCC1395 cell lines
WGS_NV_T_3	WGS	NV	HCC1395	3	breast carcinoma	Illumina HiSeq 4000	Novartis	SRR7910030	PRJNA489865	SAMN10102573	SRX4728451	HCC1395	SRP162370	WGS of Fresh DNA extracted from HCC1395BL and HCC1395 cell lines
WGS_NV_T_1	WGS	NV	HCC1395	1	breast carcinoma	Illumina HiSeq 4000	Novartis	SRR7910031	PRJNA489865	SAMN10102573	SRX4728453	HCC1395	SRP162370	WGS of Fresh DNA extracted from HCC1395BL and HCC1395 cell lines
WGS_NV_T_1	WGS	NV	HCC1395	1	breast carcinoma	Illumina HiSeq 4000	Novartis	SRR7910032	PRJNA489865	SAMN10102573	SRX4728453	HCC1395	SRP162370	WGS of Fresh DNA extracted from HCC1395BL and HCC1395 cell lines
WGS_NV_T_1	WGS	NV	HCC1395	1	breast carcinoma	Illumina HiSeq 4000	Novartis	SRR7910033	PRJNA489865	SAMN10102573	SRX4728453	HCC1395	SRP162370	WGS of Fresh DNA extracted from HCC1395BL and HCC1395 cell lines
WGS_NS_T_7	WGS	NS	HCC1395	7	breast carcinoma	Illumina NovaSeq 6000	NS	SRR7910034	PRJNA489865	SAMN10102573	SRX4728464	HCC1395	SRP162370	WGS of Fresh DNA extracted from HCC1395BL and HCC1395 cell lines
WGS_IL_T_2	WGS	IL	HCC1395	2	breast carcinoma	Illumina HiSeq 4000	Illumina	SRR7910043	PRJNA489865	SAMN10102573	SRX4728505	HCC1395	SRP162370	WGS of Fresh DNA extracted from HCC1395BL and HCC1395 cell lines
WGS_IL_T_2	WGS	IL	HCC1395	2	breast carcinoma	Illumina HiSeq 4000	Illumina	SRR7910044	PRJNA489865	SAMN10102573	SRX4728505	HCC1395	SRP162370	WGS of Fresh DNA extracted from HCC1395BL and HCC1395 cell lines
WGS_IL_T_2	WGS	IL	HCC1395	2	breast carcinoma	Illumina HiSeq 4000	Illumina	SRR7910045	PRJNA489865	SAMN10102573	SRX4728505	HCC1395	SRP162370	WGS of Fresh DNA extracted from HCC1395BL and HCC1395 cell lines
WGS_IL_T_3	WGS	IL	HCC1395	3	breast carcinoma	Illumina HiSeq 4000	Illumina	SRR7910046	PRJNA489865	SAMN10102573	SRX4728506	HCC1395	SRP162370	WGS of Fresh DNA extracted from HCC1395BL and HCC1395 cell lines
WGS_IL_T_3	WGS	IL	HCC1395	3	breast carcinoma	Illumina HiSeq 4000	Illumina	SRR7910047	PRJNA489865	SAMN10102573	SRX4728506	HCC1395	SRP162370	WGS of Fresh DNA extracted from HCC1395BL and HCC1395 cell lines
WGS_IL_T_3	WGS	IL	HCC1395	3	breast carcinoma	Illumina HiSeq 4000	Illumina	SRR7910048	PRJNA489865	SAMN10102573	SRX4728506	HCC1395	SRP162370	WGS of Fresh DNA extracted from HCC1395BL and HCC1395 cell lines
WGS_NS_T_4	WGS	NS	HCC1395	4	breast carcinoma	Illumina NovaSeq 6000	NS	SRR7945587	PRJNA489865	SAMN10102573	SRX4728457	HCC1395	SRP162370	WGS of Fresh DNA extracted from HCC1395BL and HCC1395 cell lines
WGS_FD_T_2	WGS	FD	HCC1395	2	breast carcinoma	HiSeq X Ten	Fudan University	SRR7890824	PRJNA489865	SAMN10102573	SRX4728544	HCC1395	SRP162370	WGS of Fresh DNA extracted from HCC1395BL and HCC1395 cell lines
WGS_IL_T_2	WGS	IL	HCC1395	2	breast carcinoma	Illumina HiSeq 4000	Illumina	SRR7890863	PRJNA489865	SAMN10102573	SRX4728505	HCC1395	SRP162370	WGS of Fresh DNA extracted from HCC1395BL and HCC1395 cell lines
WGS_FD_N_1	WGS	FD	HCC1395BL	1	B lymphoblast	HiSeq X Ten	Fudan University	SRR7890826	PRJNA489865	SAMN10102574	SRX4728542	HCC1395BL	SRP162370	WGS of Fresh DNA extracted from HCC1395BL and HCC1395 cell lines
WGS_NC_N_1	WGS	NC	HCC1395BL	1	B lymphoblast	Illumina HiSeq 4000	NCI	SRR7890855	PRJNA489865	SAMN10102574	SRX4728513	HCC1395BL	SRP162370	WGS of Fresh DNA extracted from HCC1395BL and HCC1395 cell lines
WGS_IL_N_3	WGS	IL	HCC1395BL	3	B lymphoblast	Illumina HiSeq 4000	Illumina	SRR7890857	PRJNA489865	SAMN10102574	SRX4728511	HCC1395BL	SRP162370	WGS of Fresh DNA extracted from HCC1395BL and HCC1395 cell lines
WGS_IL_N_1	WGS	IL	HCC1395BL	1	B lymphoblast	Illumina HiSeq 4000	Illumina	SRR7890859	PRJNA489865	SAMN10102574	SRX4728509	HCC1395BL	SRP162370	WGS of Fresh DNA extracted from HCC1395BL and HCC1395 cell lines
WGS_LL_N_1	WGS	LL	HCC1395BL	1	B lymphoblast	Illumina HiSeq 4000	Linda Loma University	SRR7890861	PRJNA489865	SAMN10102574	SRX4728507	HCC1395BL	SRP162370	WGS of Fresh DNA extracted from HCC1395BL and HCC1395 cell lines
WGS_NS_N_5	WGS	NS	HCC1395BL	5	B lymphoblast	Illumina NovaSeq 6000	NS	SRR7890886	PRJNA489865	SAMN10102574	SRX4728482	HCC1395BL	SRP162370	WGS of Fresh DNA extracted from HCC1395BL and HCC1395 cell lines
WGS_NS_N_3	WGS	NS	HCC1395BL	3	B lymphoblast	Illumina NovaSeq 6000	NS	SRR7890888	PRJNA489865	SAMN10102574	SRX4728480	HCC1395BL	SRP162370	WGS of Fresh DNA extracted from HCC1395BL and HCC1395 cell lines
WGS_NV_N_1	WGS	NV	HCC1395BL	1	B lymphoblast	Illumina HiSeq 4000	Novartis	SRR7890913	PRJNA489865	SAMN10102574	SRX4728455	HCC1395BL	SRP162370	WGS of Fresh DNA extracted from HCC1395BL and HCC1395 cell lines
WGS_NV_N_3	WGS	NV	HCC1395BL	3	B lymphoblast	Illumina HiSeq 4000	Novartis	SRR7890914	PRJNA489865	SAMN10102574	SRX4728454	HCC1395BL	SRP162370	WGS of Fresh DNA extracted from HCC1395BL and HCC1395 cell lines
WGS_NS_N_4	WGS	NS	HCC1395BL	4	B lymphoblast	Illumina NovaSeq 6000	NS	SRR7890942	PRJNA489865	SAMN10102574	SRX4728426	HCC1395BL	SRP162370	WGS of Fresh DNA extracted from HCC1395BL and HCC1395 cell lines
WGS_NS_N_7	WGS	NS	HCC1395BL	7	B lymphoblast	Illumina NovaSeq 6000	NS	SRR7890884	PRJNA489865	SAMN10102574	SRX4728484	HCC1395BL	SRP162370	WGS of Fresh DNA extracted from HCC1395BL and HCC1395 cell lines
WGS_NS_N_9	WGS	NS	HCC1395BL	9	B lymphoblast	Illumina NovaSeq 6000	NS	SRR7890892	PRJNA489865	SAMN10102574	SRX4728476	HCC1395BL	SRP162370	WGS of Fresh DNA extracted from HCC1395BL and HCC1395 cell lines
WGS_NV_N_2	WGS	NV	HCC1395BL	2	B lymphoblast	Illumina HiSeq 4000	Novartis	SRR7890912	PRJNA489865	SAMN10102574	SRX4728456	HCC1395BL	SRP162370	WGS of Fresh DNA extracted from HCC1395BL and HCC1395 cell lines
WGS_IL_N_2	WGS	IL	HCC1395BL	2	B lymphoblast	Illumina HiSeq 4000	Illumina	SRR7909740	PRJNA489865	SAMN10102574	SRX4728510	HCC1395BL	SRP162370	WGS of Fresh DNA extracted from HCC1395BL and HCC1395 cell lines
WGS_IL_N_2	WGS	IL	HCC1395BL	2	B lymphoblast	Illumina HiSeq 4000	Illumina	SRR7909741	PRJNA489865	SAMN10102574	SRX4728510	HCC1395BL	SRP162370	WGS of Fresh DNA extracted from HCC1395BL and HCC1395 cell lines
WGS_IL_N_2	WGS	IL	HCC1395BL	2	B lymphoblast	Illumina HiSeq 4000	Illumina	SRR7909742	PRJNA489865	SAMN10102574	SRX4728510	HCC1395BL	SRP162370	WGS of Fresh DNA extracted from HCC1395BL and HCC1395 cell lines
WGS_NS_N_2	WGS	NS	HCC1395BL	2	B lymphoblast	Illumina NovaSeq 6000	NS	SRR7909776	PRJNA489865	SAMN10102574	SRX4728424	HCC1395BL	SRP162370	WGS of Fresh DNA extracted from HCC1395BL and HCC1395 cell lines
WGS_NV_N_3	WGS	NV	HCC1395BL	3	B lymphoblast	Illumina HiSeq 4000	Novartis	SRR7909833	PRJNA489865	SAMN10102574	SRX4728454	HCC1395BL	SRP162370	WGS of Fresh DNA extracted from HCC1395BL and HCC1395 cell lines
WGS_NV_N_3	WGS	NV	HCC1395BL	3	B lymphoblast	Illumina HiSeq 4000	Novartis	SRR7909835	PRJNA489865	SAMN10102574	SRX4728454	HCC1395BL	SRP162370	WGS of Fresh DNA extracted from HCC1395BL and HCC1395 cell lines
WGS_NV_N_1	WGS	NV	HCC1395BL	1	B lymphoblast	Illumina HiSeq 4000	Novartis	SRR7909923	PRJNA489865	SAMN10102574	SRX4728455	HCC1395BL	SRP162370	WGS of Fresh DNA extracted from HCC1395BL and HCC1395 cell lines
WGS_NV_N_1	WGS	NV	HCC1395BL	1	B lymphoblast	Illumina HiSeq 4000	Novartis	SRR7909924	PRJNA489865	SAMN10102574	SRX4728455	HCC1395BL	SRP162370	WGS of Fresh DNA extracted from HCC1395BL and HCC1395 cell lines
WGS_NV_N_1	WGS	NV	HCC1395BL	1	B lymphoblast	Illumina HiSeq 4000	Novartis	SRR7909925	PRJNA489865	SAMN10102574	SRX4728455	HCC1395BL	SRP162370	WGS of Fresh DNA extracted from HCC1395BL and HCC1395 cell lines
WGS_NS_N_8	WGS	NS	HCC1395BL	8	B lymphoblast	Illumina NovaSeq 6000	NS	SRR7909926	PRJNA489865	SAMN10102574	SRX4728483	HCC1395BL	SRP162370	WGS of Fresh DNA extracted from HCC1395BL and HCC1395 cell lines
WGS_IL_N_3	WGS	IL	HCC1395BL	3	B lymphoblast	Illumina HiSeq 4000	Illumina	SRR7910003	PRJNA489865	SAMN10102574	SRX4728511	HCC1395BL	SRP162370	WGS of Fresh DNA extracted from HCC1395BL and HCC1395 cell lines
WGS_IL_N_3	WGS	IL	HCC1395BL	3	B lymphoblast	Illumina HiSeq 4000	Illumina	SRR7910004	PRJNA489865	SAMN10102574	SRX4728511	HCC1395BL	SRP162370	WGS of Fresh DNA extracted from HCC1395BL and HCC1395 cell lines
WGS_IL_N_3	WGS	IL	HCC1395BL	3	B lymphoblast	Illumina HiSeq 4000	Illumina	SRR7910005	PRJNA489865	SAMN10102574	SRX4728511	HCC1395BL	SRP162370	WGS of Fresh DNA extracted from HCC1395BL and HCC1395 cell lines
WGS_IL_N_1	WGS	IL	HCC1395BL	1	B lymphoblast	Illumina HiSeq 4000	Illumina	SRR7945633	PRJNA489865	SAMN10102574	SRX4728509	HCC1395BL	SRP162370	WGS of Fresh DNA extracted from HCC1395BL and HCC1395 cell lines
WGS_IL_N_1	WGS	IL	HCC1395BL	1	B lymphoblast	Illumina HiSeq 4000	Illumina	SRR7945634	PRJNA489865	SAMN10102574	SRX4728509	HCC1395BL	SRP162370	WGS of Fresh DNA extracted from HCC1395BL and HCC1395 cell lines
WGS_IL_N_1	WGS	IL	HCC1395BL	1	B lymphoblast	Illumina HiSeq 4000	Illumina	SRR7945663	PRJNA489865	SAMN10102574	SRX4728509	HCC1395BL	SRP162370	WGS of Fresh DNA extracted from HCC1395BL and HCC1395 cell lines
WGS_EA_T_1	WGS	EA	HCC1395	1	breast carcinoma	HiSeq X Ten	EATRIS	SRR7890833	PRJNA489865	SAMN10102573	SRX4728535	HCC1395	SRP162370	WGS of Fresh DNA extracted from HCC1395BL and HCC1395 cell lines
WGS_IL_T_1	WGS	IL	HCC1395	1	breast carcinoma	Illumina HiSeq 4000	Illumina	SRR7890856	PRJNA489865	SAMN10102573	SRX4728512	HCC1395	SRP162370	WGS of Fresh DNA extracted from HCC1395BL and HCC1395 cell lines
WGS_NS_N_8	WGS	NS	HCC1395BL	8	B lymphoblast	Illumina NovaSeq 6000	NS	SRR7890885	PRJNA489865	SAMN10102574	SRX4728483	HCC1395BL	SRP162370	WGS of Fresh DNA extracted from HCC1395BL and HCC1395 cell lines
WGS_NS_T_1	WGS	NS	HCC1395	1	breast carcinoma	Illumina NovaSeq 6000	NS	SRR7890893	PRJNA489865	SAMN10102573	SRX4728475	HCC1395	SRP162370	WGS of Fresh DNA extracted from HCC1395BL and HCC1395 cell lines
WGS_NS_T_7	WGS	NS	HCC1395	7	breast carcinoma	Illumina NovaSeq 6000	NS	SRR7890904	PRJNA489865	SAMN10102573	SRX4728464	HCC1395	SRP162370	WGS of Fresh DNA extracted from HCC1395BL and HCC1395 cell lines
WGS_FD_T_1	WGS	FD	HCC1395	1	breast carcinoma	HiSeq X Ten	Fudan University	SRR7890829	PRJNA489865	SAMN10102573	SRX4728539	HCC1395	SRP162370	WGS of Fresh DNA extracted from HCC1395BL and HCC1395 cell lines
WGS_NC_T_1	WGS	NC	HCC1395	1	breast carcinoma	Illumina HiSeq 4000	NCI	SRR7890854	PRJNA489865	SAMN10102573	SRX4728514	HCC1395	SRP162370	WGS of Fresh DNA extracted from HCC1395BL and HCC1395 cell lines
WGS_IL_T_3	WGS	IL	HCC1395	3	breast carcinoma	Illumina HiSeq 4000	Illumina	SRR7890862	PRJNA489865	SAMN10102573	SRX4728506	HCC1395	SRP162370	WGS of Fresh DNA extracted from HCC1395BL and HCC1395 cell lines
WGS_NV_T_1	WGS	NV	HCC1395	1	breast carcinoma	Illumina HiSeq 4000	Novartis	SRR7890915	PRJNA489865	SAMN10102573	SRX4728453	HCC1395	SRP162370	WGS of Fresh DNA extracted from HCC1395BL and HCC1395 cell lines
WGS_NV_T_2	WGS	NV	HCC1395	2	breast carcinoma	Illumina HiSeq 4000	Novartis	SRR7890916	PRJNA489865	SAMN10102573	SRX4728452	HCC1395	SRP162370	WGS of Fresh DNA extracted from HCC1395BL and HCC1395 cell lines
WGS_NS_N_6	WGS	NS	HCC1395BL	6	B lymphoblast	Illumina NovaSeq 6000	NS	SRR7890940	PRJNA489865	SAMN10102574	SRX4728428	HCC1395BL	SRP162370	WGS of Fresh DNA extracted from HCC1395BL and HCC1395 cell lines
WGS_NS_N_1	WGS	NS	HCC1395BL	1	B lymphoblast	Illumina NovaSeq 6000	NS	SRR7890943	PRJNA489865	SAMN10102574	SRX4728425	HCC1395BL	SRP162370	WGS of Fresh DNA extracted from HCC1395BL and HCC1395 cell lines
WGS_NS_N_2	WGS	NS	HCC1395BL	2	B lymphoblast	Illumina NovaSeq 6000	NS	SRR7890944	PRJNA489865	SAMN10102574	SRX4728424	HCC1395BL	SRP162370	WGS of Fresh DNA extracted from HCC1395BL and HCC1395 cell lines
WGS_FD_N_2	WGS	FD	HCC1395BL	2	B lymphoblast	HiSeq X Ten	Fudan University	SRR7890827	PRJNA489865	SAMN10102574	SRX4728541	HCC1395BL	SRP162370	WGS of Fresh DNA extracted from HCC1395BL and HCC1395 cell lines
WGS_EA_N_1	WGS	EA	HCC1395BL	1	B lymphoblast	HiSeq X Ten	EATRIS	SRR7890832	PRJNA489865	SAMN10102574	SRX4728536	HCC1395BL	SRP162370	WGS of Fresh DNA extracted from HCC1395BL and HCC1395 cell lines
WGS_IL_N_2	WGS	IL	HCC1395BL	2	B lymphoblast	Illumina HiSeq 4000	Illumina	SRR7890858	PRJNA489865	SAMN10102574	SRX4728510	HCC1395BL	SRP162370	WGS of Fresh DNA extracted from HCC1395BL and HCC1395 cell lines
WGS_FD_N_3	WGS	FD	HCC1395BL	3	B lymphoblast	HiSeq X Ten	Fudan University	SRR7890828	PRJNA489865	SAMN10102574	SRX4728540	HCC1395BL	SRP162370	WGS of Fresh DNA extracted from HCC1395BL and HCC1395 cell lines
WGS_NV_N_3	WGS	NV	HCC1395BL	3	B lymphoblast	Illumina HiSeq 4000	Novartis	SRR7909834	PRJNA489865	SAMN10102574	SRX4728454	HCC1395BL	SRP162370	WGS of Fresh DNA extracted from HCC1395BL and HCC1395 cell lines
WGS_FD_T_3	WGS	FD	HCC1395	3	breast carcinoma	HiSeq X Ten	Fudan University	SRR7890825	PRJNA489865	SAMN10102573	SRX4728543	HCC1395	SRP162370	WGS of Fresh DNA extracted from HCC1395BL and HCC1395 cell lines
